year,month,day_of_week,week_of_year,is_weekend,academic_period_encoded,is_exam_period,is_break_period,days_since_semester_start,sin_day,cos_day,sin_week,cos_week,temperature_2m_mean,relative_humidity_2m_mean,pm2_5_mean,pm10_mean,precipitation_sum,wind_speed_10m_mean,temperature_range,heat_humidity_index,is_rainy_day,is_hot_day,is_humid_day,is_high_pollution,temp_humidity_interaction,pollution_weather_stress,pollution_respiratory_risk,temp_fever_risk,cold_weather_stress,respiratory_digestive_interaction,pain_fever_interaction,total_symptom_load,symptom_diversity,respiratory_dominance,fever_respiratory_combo,visit_count_lag_1,visit_count_lag_3,visit_count_lag_7,visit_count_lag_14,respiratory_count_lag_1,respiratory_count_lag_3,respiratory_count_lag_7,respiratory_count_lag_14,fever_count_lag_1,fever_count_lag_3,fever_count_lag_7,fever_count_lag_14,visit_count_rolling_3d,visit_count_rolling_std_3d,visit_count_rolling_7d,visit_count_rolling_std_7d,visit_count_rolling_14d,visit_count_rolling_std_14d,visit_count_rolling_30d,visit_count_rolling_std_30d,respiratory_count_rolling_3d,respiratory_count_rolling_std_3d,actual_visit_count,target,date
2022,9,1,38,False,2,False,False,50,-0.9829265519799822,-0.18399835165767986,0.7818314824680298,0.6234898018587336,25.515833,88.34484,8.52,12.36,16.0,3.2727544,8.5,22.5419218385172,True,False,True,False,2254.19218385172,0.3528132,8.52,0.0,0.0,1.0,0.0,2.0,2,0.3333333333333333,1.0,0.0,0.0,0.0,0.0,0.0,0.0,0.0,0.0,0.0,0.0,0.0,0.0,0.6666666666666666,1.1547005383792501,1.2857142857142858,2.627691364061218,1.2857142857142858,2.627691364061218,1.2857142857142858,2.627691364061218,0.3333333333333333,0.5773502691896258,2.0,0,2022-09-20
2022,9,2,38,False,2,False,False,51,-0.9859481499638303,-0.1670516255021195,0.9749279121818236,-0.22252093395631434,26.013754,83.63227,5.9,8.75,2.3999999,4.138143,7.550000000000001,21.7558929824158,False,False,True,False,2175.58929824158,0.23841900000000005,0.0,0.0,0.0,0.0,0.0,1.0,1,0.0,0.0,2.0,0.0,7.0,0.0,1.0,0.0,2.0,0.0,0.0,0.0,2.0,0.0,1.0,0.9999999999999986,0.42857142857142855,0.7867957924694434,1.25,2.434865792722759,1.25,2.434865792722759,0.3333333333333333,0.5773502691896258,1.0,0,2022-09-21
2022,9,1,39,False,2,False,False,57,-0.9979171608653922,-0.06450844944931625,0.7818314824680298,0.6234898018587336,25.71167,89.99518,9.64,13.96,36.700005,4.602945,8.149999999999999,23.139263697506003,True,False,True,False,2313.9263697506003,0.3985497333333333,0.0,0.0,0.0,0.0,0.0,1.0,1,0.0,0.0,0.0,0.0,2.0,0.0,0.0,0.0,1.0,0.0,0.0,0.0,0.0,0.0,0.3333333333333333,0.577350269189623,0.2857142857142857,0.487950036474267,0.7857142857142857,1.8883680959850135,0.7857142857142857,1.8883680959850135,0.0,0.0,1.0,0,2022-09-27
2022,9,2,39,False,2,False,False,58,-0.9988797155850335,-0.04732138832243232,0.9749279121818236,-0.22252093395631434,25.655416,88.21952,7.53,10.9,4.9,5.0893073,9.3,22.6330848492032,False,False,True,False,2263.30848492032,0.31733930000000005,22.59,0.0,0.0,6.0,0.0,5.0,2,0.5,3.0,1.0,0.0,1.0,7.0,0.0,0.0,0.0,2.0,0.0,0.0,0.0,2.0,1.6666666666666667,2.081665999466132,0.7142857142857143,1.4960264830861913,0.5714285714285714,1.1578684470436789,1.0,2.0,1.0,1.7320508075688772,4.0,0,2022-09-28
2022,9,3,39,False,2,False,False,59,-0.9995462806873573,-0.03012030484690836,0.43388373911755823,-0.900968867902419,25.513748,88.30814,6.14,8.84,13.400001,5.0754676,8.2,22.5307163030872,True,False,True,False,2253.0716303087197,0.2497547333333333,0.0,0.0,0.0,0.0,0.0,1.0,1,0.0,0.0,4.0,0.0,0.0,0.0,3.0,0.0,0.0,0.0,0.0,0.0,0.0,0.0,2.0,1.7320508075688765,0.8571428571428571,1.4638501094227998,0.6428571428571429,1.1507283885330302,1.0,1.9321835661585918,1.0,1.7320508075688772,1.0,0,2022-09-29
2022,10,0,40,False,2,False,False,63,-0.9992500112396835,0.03872228089217399,0.0,1.0,25.869997,89.1249,7.2,10.86,18.9,4.767055,7.849999,23.056608956253,True,False,True,False,2305.6608956253,0.29527200000000003,7.2,0.0,0.0,0.0,0.0,1.0,1,0.5,1.0,0.0,0.0,0.0,0.0,0.0,0.0,0.0,0.0,0.0,0.0,0.0,0.0,0.3333333333333333,0.5773502691896226,1.0,1.4142135623730951,0.7142857142857143,1.1387288073563857,0.85,1.7554426642213128,0.3333333333333333,0.5773502691896258,1.0,0,2022-10-03
2022,10,2,40,False,2,False,False,65,-0.9973249731081555,0.07309512989807776,0.9749279121818236,-0.22252093395631434,25.605417,89.83677,5.25,7.66,4.8999996,4.3392215,8.25,23.0030795778309,False,False,True,False,2300.30795778309,0.2174025,5.25,0.0,0.0,0.0,0.0,1.0,1,0.5,1.0,0.0,0.0,4.0,1.0,0.0,0.0,3.0,0.0,0.0,0.0,0.0,0.0,0.6666666666666666,0.5773502691896227,0.42857142857142855,0.5345224838248491,0.5714285714285714,1.0894095588038444,0.8181818181818182,1.680032982566361,0.6666666666666666,0.5773502691896258,1.0,0,2022-10-05
2022,10,3,40,False,2,False,False,66,-0.9959189961471792,0.0902516100310407,0.43388373911755823,-0.900968867902419,26.140837,87.125,5.6,8.29,1.7,5.110639,8.25,22.77520423625,False,False,True,False,2277.520423625,0.23226933333333333,0.0,0.0,0.0,0.0,0.0,1.0,1,0.0,0.0,1.0,1.0,1.0,0.0,1.0,1.0,0.0,0.0,0.0,0.0,0.0,0.0,0.6666666666666666,0.5773502691896227,0.42857142857142855,0.5345224838248491,0.6428571428571429,1.0818177620697815,0.8260869565217391,1.6418441381303657,0.3333333333333333,0.5773502691896257,1.0,0,2022-10-06
2022,10,0,41,False,2,False,False,70,-0.9873494423939864,0.15855938510313475,0.0,1.0,25.032503,86.36704,6.39,9.69,10.5,16.458605,4.050000000000001,21.6198318790112,True,False,True,False,2161.98318790112,0.2330859,0.0,0.0,0.0,0.0,0.0,1.0,1,0.0,0.0,0.0,0.0,1.0,0.0,0.0,0.0,1.0,0.0,0.0,0.0,0.0,0.0,0.3333333333333333,0.5773502691896226,0.42857142857142855,0.5345224838248491,0.7142857142857143,1.0690449676496976,0.7407407407407407,1.534039228076112,0.0,0.0,1.0,0,2022-10-10
2022,10,1,41,False,2,False,False,71,-0.9844738167520923,0.17553149042142777,0.7818314824680298,0.6234898018587336,23.792915,96.16988,4.39,6.64,100.7,8.300427,3.4500010000000003,22.881617804002,True,False,True,False,2288.1617804002003,0.15310857251999999,13.169999999999998,0.0,0.0,0.0,0.0,5.0,2,0.5,3.0,1.0,0.0,0.0,1.0,0.0,0.0,0.0,0.0,0.0,0.0,0.0,0.0,1.6666666666666667,2.081665999466132,1.0,1.4142135623730951,0.9285714285714286,1.3847680013570567,0.8571428571428571,1.6265001215808887,1.0,1.7320508075688772,4.0,0,2022-10-11
2022,10,3,41,False,2,False,False,73,-0.9778483415056567,0.20931464596304888,0.43388373911755823,-0.900968867902419,26.363752,81.69155,5.78,8.46,2.2,9.033707,9.0,21.536957646956,False,False,True,False,2153.6957646956002,0.24358846666666667,5.78,52.727504,0.0,2.0,2.0,10.0,6,0.09090909090909091,3.0,0.0,1.0,1.0,1.0,0.0,0.0,0.0,0.0,0.0,0.0,0.0,0.0,3.6666666666666665,3.511884584284246,1.7142857142857142,2.751622897751175,1.0714285714285714,2.017778127403648,1.0333333333333334,1.9384197853839134,1.3333333333333333,1.5275252316519468,7.0,0,2022-10-13
2022,10,0,42,False,2,True,False,77,-0.9611297838723007,0.27609697309746883,0.0,1.0,25.855417,87.15363,8.51,13.2,10.0,4.559009,8.099999,22.5339344671371,True,False,True,False,2253.39344671371,0.3546684333333333,0.0,0.0,0.0,0.0,0.0,1.0,1,0.0,0.0,0.0,0.0,1.0,1.0,0.0,0.0,0.0,1.0,0.0,0.0,0.0,0.0,0.3333333333333333,0.577350269189623,1.7142857142857142,2.751622897751175,1.0714285714285714,2.017778127403648,0.8333333333333334,1.57749984061059,0.0,0.0,1.0,0,2022-10-17
2022,10,1,42,False,2,True,False,78,-0.9562348265919058,0.2926003356333479,0.7818314824680298,0.6234898018587336,25.005417,93.01795,11.13,16.45,23.999998,4.470703,6.199999999999999,23.2595262823515,True,False,True,False,2325.9526282351503,0.42972930000000004,22.26,25.005417,0.0,4.0,3.0,13.0,7,0.14285714285714285,3.0,1.0,0.0,4.0,0.0,0.0,0.0,3.0,0.0,0.0,0.0,0.0,0.0,4.0,6.082762530298219,2.7142857142857144,4.461475305855889,1.8571428571428572,3.301681223422228,1.2,2.426861176996697,0.6666666666666666,1.1547005383792512,11.0,0,2022-10-18
2022,10,2,42,False,2,True,False,79,-0.9510565162951536,0.30901699437494723,0.9749279121818236,-0.22252093395631434,24.097086,98.193596,7.39,10.8,65.00001,5.5111995,1.600000999999999,23.66179527461256,True,False,True,False,2366.179527461256,0.24542190985333331,7.39,0.0,0.0,1.0,0.0,4.0,4,0.2,1.0,11.0,0.0,0.0,1.0,2.0,0.0,0.0,1.0,1.0,0.0,0.0,0.0,5.333333333333333,5.131601439446884,3.2857142857142856,4.309458036856673,2.0714285714285716,3.3389147411025113,1.3333333333333333,2.4681884091350295,1.0,0.9999999999999999,4.0,1,2022-10-19
2022,10,3,42,False,2,True,False,80,-0.9455963874271428,0.3253420847119795,0.43388373911755823,-0.900968867902419,24.7325,91.43518,6.97,10.07,9.3,6.246584,4.149999999999999,22.614205893500003,True,False,True,False,2261.4205893500002,0.25284836666666666,0.0,0.0,0.0,0.0,0.0,3.0,3,0.0,0.0,4.0,1.0,7.0,1.0,1.0,0.0,1.0,0.0,0.0,0.0,2.0,0.0,5.666666666666667,4.725815626252609,2.5714285714285716,3.9940431835899006,2.142857142857143,3.324897751051159,1.3333333333333333,2.4681884091350295,1.0,0.9999999999999999,2.0,0,2022-10-20
2022,10,5,42,True,2,True,False,82,-0.9338372288229252,0.35769823883312546,-0.9749279121818236,-0.2225209339563146,25.636667,91.04189,9.8,14.1,18.5,4.63919,8.150000000000002,23.340106169806297,True,False,True,False,2334.01061698063,0.4032046666666667,9.8,25.636667,0.0,0.0,0.0,3.0,3,0.25,2.0,0.0,4.0,0.0,0.0,0.0,1.0,0.0,0.0,0.0,0.0,0.0,0.0,1.6666666666666667,1.5275252316519479,3.0,3.829708431025352,2.357142857142857,3.272428946331946,1.4,2.485821865063462,0.3333333333333333,0.5773502691896252,3.0,0,2022-10-22
2022,10,0,43,False,1,False,False,84,-0.9209712877166347,0.38963044953078774,0.0,1.0,24.667913,89.5566,7.79,11.25,31.100002,11.052407,6.199999000000002,22.091744173758,True,False,True,False,2209.1744173757997,0.29973323333333335,0.0,0.0,0.0,0.0,0.0,5.0,5,0.0,0.0,0.0,0.0,1.0,1.0,0.0,0.0,0.0,0.0,0.0,0.0,0.0,0.0,2.3333333333333335,2.0816659994661335,3.4285714285714284,3.735288603626358,2.5714285714285716,3.274946522506089,1.5333333333333334,2.515240899319426,0.3333333333333333,0.5773502691896252,4.0,0,2022-10-24
2022,10,1,43,False,1,False,False,85,-0.9141279881853337,0.4054257283599973,0.7818314824680298,0.6234898018587336,25.415838,77.67643,6.36,10.52,1.3000001,10.653628,6.300000000000001,19.7421156129834,False,False,False,False,1974.21156129834,0.24895160000000002,6.36,0.0,0.0,1.0,0.0,5.0,5,0.16666666666666666,1.0,4.0,3.0,11.0,4.0,0.0,1.0,2.0,3.0,0.0,1.0,1.0,0.0,2.6666666666666665,2.309401076758504,2.4285714285714284,1.8126539343499306,2.5714285714285716,3.274946522506089,1.6666666666666667,2.5370813170246245,0.3333333333333333,0.5773502691896252,4.0,0,2022-10-25
2022,10,2,43,False,1,False,False,86,-0.9070138128026362,0.42110087079608916,0.9749279121818236,-0.22252093395631434,25.786669,76.27586,11.55,20.42,2.1,12.020535,6.899999999999999,19.6690035451034,False,False,False,False,1966.9003545103399,0.4544155,23.1,25.786669,0.0,0.0,2.0,7.0,5,0.25,3.0,4.0,0.0,4.0,0.0,1.0,0.0,1.0,0.0,0.0,0.0,0.0,0.0,4.666666666666667,1.1547005383792532,2.7142857142857144,2.2146697055682822,3.0,3.3050078552216666,1.8666666666666667,2.6357402066177937,1.0,0.9999999999999999,6.0,0,2022-10-26
2022,10,3,43,False,1,False,False,87,-0.8996308696522434,0.4366512319560638,0.43388373911755823,-0.900968867902419,24.622086,91.897804,11.91,20.73,39.300003,12.849641,4.75,22.62715633299144,True,False,True,False,2262.715633299144,0.44396509999999995,23.82,24.622086,0.0,4.0,2.0,9.0,5,0.2,3.0,6.0,4.0,2.0,7.0,2.0,0.0,0.0,1.0,1.0,0.0,0.0,2.0,5.666666666666667,1.5275252316519479,3.4285714285714284,2.6992062325273114,3.0,3.3050078552216666,2.066666666666667,2.790789448727087,1.6666666666666667,0.577350269189626,7.0,0,2022-10-27
2022,11,0,45,False,1,False,False,98,-0.801361088174677,0.5981809144059158,0.0,1.0,24.376251,92.243164,6.82,10.09,3.0000002,4.8525543,4.5,22.48542518698164,False,False,True,False,2248.542518698164,0.24513353333333332,20.46,24.376251,0.0,3.0,4.0,21.0,7,0.13636363636363635,4.0,0.0,0.0,0.0,4.0,0.0,0.0,0.0,0.0,0.0,0.0,0.0,0.0,6.333333333333333,10.96965511460289,2.7142857142857144,7.1813249871753175,2.5714285714285716,5.3308144234800015,2.433333333333333,4.223769629733311,1.0,1.7320508075688772,19.0,0,2022-11-07
2022,11,1,45,False,1,False,False,99,-0.7909456567567774,0.6118864012687242,0.7818314824680298,0.6234898018587336,25.12208,89.1889,6.8,9.86,2.7,4.4702263,7.5,22.40610680912,False,False,True,False,2240.610680912,0.2711613424,20.4,25.12208,0.0,0.0,1.0,12.0,5,0.23076923076923078,4.0,19.0,0.0,0.0,4.0,3.0,0.0,0.0,1.0,1.0,0.0,0.0,0.0,10.0,9.539392014169456,4.285714285714286,7.674943772091226,3.0714285714285716,5.784119981124523,2.8,4.475219123897348,2.0,1.7320508075688776,11.0,0,2022-11-08
2022,11,2,45,False,1,False,False,100,-0.780295851070776,0.6254105729852457,0.9749279121818236,-0.22252093395631434,25.542917,88.33239,11.05,16.37,10.3,5.2597337,9.05,22.5626690618163,True,False,True,False,2256.26690618163,0.46052716666666665,22.1,0.0,0.0,0.0,0.0,7.0,4,0.25,2.0,11.0,0.0,0.0,6.0,3.0,0.0,0.0,2.0,1.0,0.0,0.0,1.0,12.0,6.557438524302,5.142857142857143,7.448234050846581,3.0714285714285716,5.784119981124523,2.966666666666667,4.498914300701612,2.6666666666666665,0.5773502691896272,6.0,1,2022-11-09
2022,11,3,45,False,1,False,False,101,-0.7694148268839381,0.6387494220515268,0.43388373911755823,-0.900968867902419,25.792915,88.87656,9.69,14.47,2.2,3.5729973,8.150000000000002,22.923855575724,False,False,True,False,2292.3855575724,0.39544890000000005,19.38,0.0,0.0,4.0,0.0,8.0,5,0.2222222222222222,2.0,6.0,19.0,0.0,7.0,2.0,3.0,0.0,2.0,0.0,1.0,0.0,1.0,8.333333333333334,2.5166114784235836,6.285714285714286,7.134757312253999,3.142857142857143,5.842248551017676,3.1,4.588967279209471,2.3333333333333335,0.5773502691896266,8.0,0,2022-11-10
2022,11,5,45,True,1,False,False,103,-0.7469720876965551,0.6648553979642866,-0.9749279121818236,-0.2225209339563146,26.332504,87.07556,8.3,12.37,3.3000002,4.6921144,8.150001,22.9291753200224,False,False,True,False,2292.91753200224,0.3448096777333333,0.0,0.0,0.0,0.0,0.0,1.0,1,0.0,0.0,0.0,6.0,0.0,0.0,0.0,2.0,0.0,0.0,0.0,0.0,0.0,0.0,3.0,4.358898943540675,6.428571428571429,6.996597812678742,3.2142857142857144,5.8068735322702025,2.9,4.543657952157809,0.6666666666666666,1.1547005383792504,1.0,0,2022-11-12
2022,11,0,46,False,1,False,False,105,-0.7236440382959124,0.690173388242972,0.0,1.0,25.759584,87.03689,6.48,9.77,5.6,5.7756553,6.899999999999999,22.4203407905376,True,False,True,False,2242.03407905376,0.26358480000000006,12.96,51.519168,0.0,6.0,0.0,7.0,3,0.25,4.0,0.0,0.0,19.0,0.0,0.0,0.0,3.0,0.0,0.0,0.0,1.0,0.0,2.6666666666666665,3.785938897200184,4.714285714285714,4.386125310350268,3.7142857142857144,5.810184313620503,3.1333333333333333,4.569262623174579,0.6666666666666666,1.1547005383792504,7.0,0,2022-11-14
2022,11,1,46,False,1,False,False,106,-0.711656622281775,0.7025274741691566,0.7818314824680298,0.6234898018587336,26.255419,81.52691,6.8,10.23,0.9000001,7.9793897,7.949999999999999,21.4052318182529,False,False,True,False,2140.52318182529,0.27660133333333337,6.8,26.255419,0.0,0.0,2.0,5.0,4,0.16666666666666666,2.0,7.0,1.0,11.0,0.0,2.0,0.0,3.0,0.0,2.0,0.0,1.0,0.0,3.6666666666666665,3.5118845842842474,3.7142857142857144,3.401680257083045,4.0,5.710988059467872,3.2666666666666666,4.532893825888889,1.0,0.999999999999999,4.0,0,2022-11-15
2022,11,2,46,False,1,False,False,107,-0.6994583270516471,0.7146733860429608,0.9749279121818236,-0.22252093395631434,24.590834,90.876526,8.33,13.07,8.2,5.2690306,5.799999,22.34729565362684,True,False,True,False,2234.729565362684,0.3132913,8.33,24.590834,0.0,0.0,0.0,4.0,4,0.2,2.0,4.0,0.0,6.0,0.0,1.0,0.0,2.0,0.0,1.0,0.0,0.0,0.0,5.0,1.7320508075688792,3.4285714285714284,3.2586880211286897,4.285714285714286,5.5943456540245435,3.3666666666666667,4.51421764202173,1.3333333333333333,0.5773502691896247,4.0,0,2022-11-16
2022,11,3,46,False,1,False,False,108,-0.6870527672236675,0.7266075247685652,0.43388373911755823,-0.900968867902419,25.236666,87.94998,12.57,19.53,0.6,4.831716,8.0,22.1956426996668,False,False,True,False,2219.56426996668,0.5062777,37.71,0.0,0.0,6.0,0.0,8.0,4,0.3333333333333333,3.0,4.0,7.0,8.0,0.0,1.0,2.0,2.0,0.0,1.0,2.0,0.0,0.0,4.333333333333333,0.5773502691896327,3.0,2.7080128015453195,4.642857142857143,5.457628998540876,3.1666666666666665,4.291799183312875,1.6666666666666667,1.1547005383792512,5.0,0,2022-11-17
2022,11,0,47,False,1,False,False,112,-0.6354323008901775,0.7721565844991641,0.0,1.0,26.022087,85.448364,8.62,12.78,0.70000005,4.578083,8.5,22.23544762015668,False,False,True,False,2223.544762015668,0.35063286666666665,0.0,0.0,0.0,0.0,0.0,5.0,3,0.0,0.0,0.0,0.0,7.0,19.0,0.0,0.0,2.0,3.0,0.0,0.0,2.0,1.0,1.6666666666666667,2.8867513459481313,2.5714285714285716,2.4397501823713323,3.642857142857143,3.586451918350135,3.033333333333333,4.37456073328459,0.0,0.0,5.0,0,2022-11-21
2022,11,1,47,False,1,False,False,113,-0.622046748440868,0.7829801036770624,0.7818314824680298,0.6234898018587336,25.515833,89.893394,10.03,14.9,3.8,3.7741516,6.949999999999999,22.93704829107202,False,False,True,False,2293.704829107202,0.3972883,30.089999999999996,76.547499,0.0,3.0,12.0,21.0,6,0.13636363636363635,6.0,5.0,0.0,4.0,11.0,0.0,0.0,1.0,3.0,0.0,0.0,1.0,1.0,6.666666666666667,7.637626158259734,4.142857142857143,5.33630869386231,3.9285714285714284,4.304993267470581,3.533333333333333,4.847561301800386,1.0,1.7320508075688767,15.0,0,2022-11-22
2022,11,3,47,False,1,False,False,115,-0.594726686960764,0.8039279618328208,0.43388373911755823,-0.900968867902419,26.665833,80.7124,8.35,12.19,0.1,3.752641,9.0,21.522633794292,False,False,True,False,2152.2633794292,0.3513401666666666,8.35,26.665833,0.0,0.0,0.0,5.0,4,0.16666666666666666,2.0,0.0,5.0,5.0,8.0,0.0,0.0,3.0,2.0,0.0,0.0,0.0,0.0,6.0,7.937253933193773,3.2857142857142856,5.529143565818179,3.142857142857143,4.185269826006863,3.3666666666666667,4.888292370434749,1.3333333333333333,1.5275252316519465,3.0,0,2022-11-24
2022,11,0,48,False,1,True,False,119,-0.5380051715382992,0.8429415373547832,0.0,1.0,26.503332,85.336815,9.07,13.44,4.6,4.219612,8.100000000000001,22.6170993976758,False,False,True,False,2261.70993976758,0.3786120333333333,0.0,0.0,0.0,0.0,0.0,2.0,2,0.0,0.0,0.0,0.0,5.0,7.0,0.0,0.0,0.0,2.0,0.0,0.0,0.0,2.0,0.6666666666666666,1.1547005383792583,2.857142857142857,5.490251100164468,2.7142857142857144,4.084277008396796,3.0,4.849457843853306,0.0,0.0,2.0,0,2022-11-28
2022,11,1,48,False,1,True,False,120,-0.5234156073655503,0.8520775211013093,0.7818314824680298,0.6234898018587336,25.417917,90.101105,12.26,18.28,13.900002,5.129789,8.25,22.90182408498285,True,False,True,False,2290.182408498285,0.5134079496799999,0.0,0.0,0.0,0.0,0.0,3.0,3,0.0,0.0,2.0,0.0,15.0,4.0,0.0,0.0,3.0,1.0,0.0,0.0,3.0,1.0,1.3333333333333333,1.154700538379258,1.0,1.290994448735806,2.5714285714285716,4.0708019567928595,3.066666666666667,4.820454502346787,0.0,0.0,2.0,0,2022-11-29
2022,12,3,48,False,1,True,False,122,-0.49377555015997737,0.8695893893466109,0.43388373911755823,-0.900968867902419,26.280418,80.992775,6.34,9.49,3.3000002,8.9332285,7.650000000000002,21.2852398197995,False,False,True,False,2128.52398197995,0.26296206666666666,0.0,0.0,0.0,0.0,0.0,3.0,3,0.0,0.0,0.0,2.0,3.0,5.0,0.0,0.0,1.0,3.0,0.0,0.0,1.0,0.0,1.6666666666666667,1.5275252316519512,1.0,1.290994448735806,2.142857142857143,4.035556254807296,3.1666666666666665,4.785634634045387,0.0,0.0,3.0,0,2022-12-01
2022,12,5,48,True,1,True,False,124,-0.4635502709028512,0.8860706215341378,-0.9749279121818236,-0.2225209339563146,24.917917,87.565765,8.75,13.5,6.4,5.256681,6.5,21.819564643115047,True,False,True,False,2181.956464311505,0.3430875116666667,0.0,0.0,0.0,0.0,0.0,4.0,2,0.0,0.0,0.0,0.0,0.0,0.0,0.0,0.0,0.0,0.0,0.0,0.0,0.0,0.0,2.3333333333333335,2.0816659994661357,1.5714285714285714,1.618347187425374,2.4285714285714284,4.013712758767139,3.3,4.749954627732485,0.0,0.0,4.0,0,2022-12-03
2022,12,1,49,False,0,False,True,127,-0.41719360261231697,0.9088176373395028,0.7818314824680298,0.6234898018587336,24.705416,89.19445,5.01,7.36,9.0,8.738887,5.850000999999999,22.035859921412,True,False,True,False,2203.5859921412,0.19143210668,0.0,24.705416,0.0,0.0,1.0,2.0,2,0.0,1.0,0.0,4.0,2.0,15.0,0.0,0.0,0.0,3.0,0.0,0.0,0.0,3.0,0.6666666666666666,1.1547005383792581,1.2857142857142858,1.7043362064926937,1.1428571428571428,1.4600918230947446,3.3666666666666667,4.715954822202763,0.0,0.0,2.0,0,2022-12-06
2022,12,2,49,False,0,False,True,128,-0.4014879892059737,0.9158642882672868,0.9749279121818236,-0.22252093395631434,24.57208,89.79157,4.89,7.43,8.900002,7.531458,6.350000000000001,22.063656413656,True,False,True,False,2206.3656413656,0.18782490000000002,9.78,24.57208,0.0,0.0,1.0,4.0,3,0.4,3.0,2.0,0.0,0.0,0.0,0.0,0.0,0.0,0.0,1.0,0.0,0.0,0.0,1.6666666666666667,1.527525231651951,1.7142857142857142,1.7043362064926935,1.3571428571428572,1.499083969380218,2.8333333333333335,3.6773616229230357,0.6666666666666666,1.1547005383792504,3.0,0,2022-12-07
2022,12,2,50,False,0,False,True,135,-0.2884824328806098,0.9574851883550389,0.9749279121818236,-0.22252093395631434,24.217924,91.73413,1.01,1.44,14.1,6.3403683,5.5,22.2161018854612,True,False,True,False,2221.61018854612,0.037716766666666665,1.01,0.0,0.0,1.0,0.0,3.0,3,0.25,1.0,0.0,0.0,3.0,0.0,0.0,0.0,2.0,0.0,0.0,0.0,1.0,0.0,1.0,1.7320508075688816,0.42857142857142855,1.1338934190276826,1.0714285714285714,1.5424399110243752,1.8333333333333333,3.0522273758720866,0.3333333333333333,0.5773502691896226,3.0,0,2022-12-14
2023,1,1,1,False,0,False,True,155,0.051619667223253764,0.998666816288476,0.7818314824680298,0.6234898018587336,23.240831,86.91386,4.46,6.56,9.700001,9.804533,5.850000999999999,20.1995033181766,True,False,True,False,2019.95033181766,0.16000993928,13.379999999999999,23.240831,0.0,0.0,1.0,7.0,4,0.375,4.0,0.0,0.0,0.0,0.0,0.0,0.0,0.0,0.0,0.0,0.0,0.0,0.0,1.6666666666666667,2.886751345948131,0.7142857142857143,1.8898223650461365,0.35714285714285715,1.3363062095621232,0.43333333333333335,1.1943352886058456,1.0,1.7320508075688767,5.0,0,2023-01-03
2023,1,2,1,False,0,False,True,156,0.06880242680231986,0.9976303053065857,0.9749279121818236,-0.22252093395631434,22.409578,94.79351,6.41,10.39,32.399998,12.260636,3.9499999999999993,21.2428255623878,True,False,True,False,2124.2825562387798,0.21330343333333335,12.82,22.409578,0.0,2.0,1.0,6.0,5,0.2857142857142857,3.0,5.0,0.0,0.0,0.0,3.0,0.0,0.0,0.0,1.0,0.0,0.0,0.0,3.3333333333333335,2.8867513459481304,1.4285714285714286,2.4397501823713332,0.7142857142857143,1.815682598006408,0.6,1.4527025943345115,1.6666666666666667,1.5275252316519468,5.0,0,2023-01-04
2023,1,5,2,True,3,False,False,166,0.2386727660059501,0.9711000518829505,-0.9749279121818236,-0.2225209339563146,24.186668,90.37268,14.95,22.49,22.699999,6.1814423,6.75,21.8581400743024,True,False,True,False,2185.81400743024,0.5742295000000001,0.0,0.0,0.0,0.0,0.0,1.0,1,0.0,0.0,0.0,0.0,0.0,0.0,0.0,0.0,0.0,0.0,0.0,0.0,0.0,0.0,0.3333333333333333,0.5773502691896389,0.14285714285714285,0.3779644730092316,0.7857142857142857,1.8050600428356285,0.36666666666666664,1.2726115785600374,0.0,0.0,1.0,0,2023-01-14
2023,1,0,3,False,3,False,False,168,0.2719581575341055,0.9623090774541486,0.0,1.0,23.06167,90.682526,5.9,9.15,10.9,9.635894,5.300000000000001,20.9129048937842,True,False,True,False,2091.29048937842,0.2108856666666667,5.9,23.06167,0.0,1.0,0.0,4.0,4,0.2,2.0,0.0,0.0,0.0,0.0,0.0,0.0,0.0,0.0,0.0,0.0,0.0,0.0,1.6666666666666667,2.0816659994661357,0.7142857142857143,1.496026483086192,1.0714285714285714,1.9792883614022543,0.5,1.4323840748664611,0.3333333333333333,0.5773502691896226,4.0,0,2023-01-16
2023,1,1,3,False,3,False,False,169,0.288482432880609,0.9574851883550393,0.7818314824680298,0.6234898018587336,22.80542,89.8415,8.33,13.42,10.3,9.597411,3.8000000000000007,20.4887314093,True,False,True,False,2048.87314093,0.28330330000000004,16.66,22.80542,0.0,2.0,0.0,5.0,4,0.3333333333333333,3.0,4.0,1.0,0.0,5.0,1.0,0.0,0.0,3.0,1.0,0.0,0.0,1.0,3.0,2.6457513110645925,1.4285714285714286,2.14919697074224,1.0714285714285714,1.9792883614022543,0.6666666666666666,1.6470105276411966,1.0,0.9999999999999991,5.0,0,2023-01-17
2023,1,0,5,False,3,False,False,182,0.49377555015997715,0.869589389346611,0.0,1.0,21.776253,76.33632,9.42,15.34,0.5,10.15578,6.550000000000001,16.6231901740896,False,False,False,False,1662.31901740896,0.32163020000000003,0.0,21.776253,0.0,0.0,0.0,1.0,1,0.0,1.0,0.0,0.0,0.0,4.0,0.0,0.0,0.0,1.0,0.0,0.0,0.0,1.0,0.3333333333333333,0.5773502691896405,0.14285714285714285,0.3779644730092316,0.42857142857142855,1.3424596091494914,0.7,1.6431676725155022,0.0,0.0,1.0,0,2023-01-30
2023,3,3,11,False,2,False,False,227,0.9611297838723007,0.27609697309746883,0.43388373911755823,-0.900968867902419,24.984581,74.33405,11.16,17.68,0.1,6.842486,10.5,18.5720509328305,False,False,False,False,1857.20509328305,0.45171960000000005,22.32,0.0,0.0,2.0,0.0,6.0,5,0.2857142857142857,2.0,0.0,0.0,0.0,0.0,0.0,0.0,0.0,0.0,0.0,0.0,0.0,0.0,2.0,3.4641016151377566,0.8571428571428571,2.267786838055364,0.42857142857142855,1.6035674514745473,0.2,1.095445115010338,0.6666666666666666,1.1547005383792501,6.0,0,2023-03-16
2023,3,0,13,False,2,True,False,238,0.995918996147179,0.09025161003104117,0.0,1.0,26.653336,75.43993,12.07,17.79,0.8,6.164803,9.900001999999995,20.1072580210648,False,True,False,False,2010.7258021064802,0.5167167321866666,0.0,0.0,0.0,0.0,0.0,7.0,4,0.0,0.0,0.0,0.0,0.0,0.0,0.0,0.0,0.0,0.0,0.0,0.0,0.0,0.0,2.3333333333333335,4.041451884327382,1.0,2.6457513110645907,0.9285714285714286,2.3685206585314202,0.43333333333333335,1.6543220995910728,0.0,0.0,7.0,0,2023-03-27
2023,3,1,13,False,2,True,False,239,0.9973249731081555,0.07309512989807777,0.7818314824680298,0.6234898018587336,26.688751,78.27079,14.0,21.0,1.9000001,4.610869,9.800000999999998,20.8894962488329,False,False,False,False,2088.94962488329,0.5956066853333334,0.0,0.0,0.0,0.0,0.0,4.0,3,0.0,0.0,7.0,0.0,0.0,0.0,0.0,0.0,0.0,0.0,0.0,0.0,0.0,0.0,3.6666666666666665,3.5118845842842483,1.5714285714285714,2.819996622760558,1.2142857142857142,2.486225790494235,0.5666666666666667,1.7749858344909943,0.0,0.0,4.0,0,2023-03-28
2023,3,2,13,False,2,True,False,240,0.9984354211555643,0.055916990100603484,0.9749279121818236,-0.22252093395631434,27.688751,72.71035,14.28,21.82,0.6,4.631265,10.800001999999996,20.1325877627285,False,True,False,False,2013.2587762728501,0.6398868380799999,14.28,0.0,0.0,0.0,0.0,13.0,4,0.07142857142857142,1.0,4.0,0.0,0.0,0.0,0.0,0.0,0.0,0.0,0.0,0.0,0.0,0.0,8.0,4.582575694955841,3.4285714285714284,5.028490259085154,2.142857142857143,3.9779612647907756,1.0,2.8767798089123073,0.3333333333333333,0.5773502691896222,13.0,0,2023-03-29
2023,3,3,13,False,2,True,False,241,0.9992500112396835,0.03872228089217446,0.43388373911755823,-0.900968867902419,26.83042,79.392555,11.6,17.74,8.500001,3.998105,9.9,21.301355955231,True,True,False,False,2130.1355955231,0.5143826666666665,0.0,0.0,0.0,0.0,0.0,4.0,3,0.0,0.0,13.0,7.0,0.0,6.0,1.0,0.0,0.0,2.0,0.0,0.0,0.0,0.0,7.0,5.196152422706633,4.0,4.795831523312719,2.0,3.863039855227607,1.1333333333333333,2.921186973360888,0.3333333333333333,0.5773502691896222,4.0,0,2023-03-30
2023,4,2,15,False,1,False,False,254,0.9829265519799822,-0.18399835165768005,0.9749279121818236,-0.22252093395631434,26.280418,88.538475,17.93,27.59,13.9,5.9413013,7.699999000000002,23.2682813208255,True,False,True,False,2326.8281320825504,0.7496533,0.0,0.0,0.0,0.0,0.0,1.0,1,0.0,0.0,0.0,0.0,0.0,13.0,0.0,0.0,0.0,1.0,0.0,0.0,0.0,0.0,0.3333333333333333,0.5773502691896295,0.14285714285714285,0.3779644730092305,0.35714285714285715,1.0818177620697857,1.1666666666666667,2.9135040324541253,0.0,0.0,1.0,0,2023-04-12
2023,4,0,16,False,1,False,False,259,0.9634705485641488,-0.2678143051621742,0.0,1.0,26.774164,84.21173,17.89,25.7,3.3,4.1158533,9.849999999999998,22.5469866974372,False,True,True,False,2254.69866974372,0.7789902333333333,0.0,0.0,0.0,0.0,0.0,1.0,1,0.0,0.0,0.0,0.0,0.0,0.0,0.0,0.0,0.0,0.0,0.0,0.0,0.0,0.0,0.3333333333333333,0.5773502691896295,0.2857142857142857,0.4879500364742689,0.14285714285714285,0.36313651960129406,1.0,2.7667982242644866,0.0,0.0,1.0,0,2023-04-17
2023,4,0,17,False,1,False,False,266,0.9242907221930933,-0.3816892202666588,0.0,1.0,27.230415,70.42523,11.6,17.33,0.70000005,7.64078,8.549999,19.1770823937045,False,False,False,False,1917.70823937045,0.494276,0.0,0.0,0.0,0.0,0.0,1.0,1,0.0,0.0,0.0,0.0,1.0,0.0,0.0,0.0,0.0,0.0,0.0,0.0,0.0,0.0,0.3333333333333333,0.5773502691896295,0.14285714285714285,0.37796447300923053,0.21428571428571427,0.4258153136263308,1.0333333333333334,2.7603514685425603,0.0,0.0,1.0,0,2023-04-24
2023,4,1,17,False,1,False,False,267,0.9175836260593937,-0.39754281428255595,0.7818314824680298,0.6234898018587336,27.309586,76.998665,12.4,20.04,5.1,7.188601,8.700000000000003,21.028016637026894,True,True,False,False,2102.80166370269,0.540764,24.8,0.0,0.0,0.0,0.0,3.0,2,0.5,2.0,1.0,0.0,0.0,0.0,0.0,0.0,0.0,0.0,0.0,0.0,0.0,0.0,1.3333333333333333,1.5275252316519485,0.5714285714285714,1.1338934190276826,0.42857142857142855,0.8516306272526455,1.1333333333333333,2.7759227522459615,0.6666666666666666,1.1547005383792504,3.0,0,2023-04-25
2023,4,2,17,False,1,False,False,268,0.9106046300942162,-0.4132786077829042,0.9749279121818236,-0.22252093395631434,27.686668,72.48626,10.73,16.82,0.6,8.630758,9.950000999999997,20.0690301518168,False,True,False,False,2006.90301518168,0.47365799528,10.73,0.0,0.0,0.0,0.0,2.0,2,0.3333333333333333,1.0,3.0,0.0,0.0,1.0,2.0,0.0,0.0,0.0,0.0,0.0,0.0,0.0,2.0,1.0000000000000036,0.8571428571428571,1.2149857925879122,0.5,0.940539943125965,0.9666666666666667,2.5526636977915835,1.0,0.999999999999999,2.0,0,2023-04-26
2023,4,3,17,False,1,False,False,269,0.9033558023246845,-0.4288919379124835,0.43388373911755823,-0.900968867902419,28.497084,67.45511,9.59,14.8,0.4,6.4511495,8.599999999999998,19.222739358992403,False,True,False,False,1922.2739358992403,0.4207772333333333,0.0,0.0,0.0,0.0,0.0,1.0,1,0.0,0.0,2.0,1.0,0.0,0.0,1.0,0.0,0.0,0.0,0.0,0.0,0.0,0.0,2.0,1.0000000000000036,1.0,1.1547005383792521,0.5714285714285714,0.9376144618769955,0.8666666666666667,2.4876707473310145,1.0,0.999999999999999,1.0,0,2023-04-27
2023,5,1,18,False,1,False,False,274,0.8631421280499114,-0.5049610547215204,0.7818314824680298,0.6234898018587336,28.809586,67.376564,9.14,13.82,0.2,8.489608,10.4,19.41090914942504,False,True,False,False,1941.090914942504,0.42053140000000006,9.14,0.0,0.0,1.0,0.0,4.0,4,0.2,1.0,0.0,0.0,3.0,0.0,0.0,0.0,2.0,0.0,0.0,0.0,0.0,0.0,1.3333333333333333,2.3094010767585043,1.0,1.527525231651947,0.7857142857142857,1.3114039117603045,0.43333333333333335,0.9714309861845829,0.3333333333333333,0.5773502691896221,4.0,0,2023-05-02
2023,5,2,18,False,1,False,False,275,0.854322169749827,-0.5197438121555155,0.9749279121818236,-0.22252093395631434,28.878334,70.027054,10.05,15.73,1.0,5.910433,9.650001999999995,20.22264654448036,False,True,False,False,2022.264654448036,0.45704052679999996,0.0,0.0,0.0,0.0,0.0,2.0,1,0.0,0.0,4.0,0.0,2.0,0.0,1.0,0.0,1.0,0.0,0.0,0.0,0.0,0.0,1.6666666666666667,2.081665999466134,0.8571428571428571,1.4638501094228002,0.8571428571428571,1.2924123453177314,0.4666666666666667,0.9732042112432624,0.3333333333333333,0.5773502691896221,1.0,0,2023-05-03
2024,1,2,1,False,0,False,True,520,0.051619667223253764,0.998666816288476,0.9749279121818236,-0.22252093395631434,23.524168,89.372925,5.36,7.89,13.0,9.478257,5.100000000000001,21.024237023514,True,False,True,False,2102.4237023513997,0.19337093333333336,10.72,0.0,0.0,0.0,0.0,3.0,2,0.5,2.0,0.0,0.0,0.0,0.0,0.0,0.0,0.0,0.0,0.0,0.0,0.0,0.0,0.3333333333333333,0.5773502691896286,0.14285714285714285,0.37796447300923136,0.07142857142857142,0.26726124191244055,0.03333333333333333,0.18257418583508447,0.6666666666666666,1.1547005383792501,1.0,0,2024-01-03
2024,1,4,1,False,0,False,True,522,0.08596479873744647,0.9962981749346078,-0.433883739117558,-0.9009688679024191,24.282503,83.04562,9.31,15.21,2.3000002,4.501679,6.349999,20.1655551678686,False,False,True,False,2016.55551678686,0.34766643333333336,18.62,0.0,0.0,0.0,0.0,2.0,1,0.6666666666666666,2.0,0.0,0.0,0.0,0.0,0.0,0.0,0.0,0.0,0.0,0.0,0.0,0.0,0.6666666666666666,0.5773502691896291,0.2857142857142857,0.48795003647426943,0.14285714285714285,0.3631365196012933,0.06666666666666667,0.25370813170248346,1.3333333333333333,1.154700538379251,1.0,0,2024-01-05
2024,1,0,2,False,0,False,True,525,0.13727877211326478,0.9905324521322229,0.0,1.0,25.490831,84.75359,12.06,20.28,0.0,4.3378177,6.400001,21.6043943933329,False,False,True,False,2160.43943933329,0.46885261608,36.18,0.0,0.0,6.0,0.0,23.0,6,0.125,3.0,0.0,1.0,0.0,0.0,0.0,2.0,0.0,0.0,0.0,0.0,0.0,0.0,6.666666666666667,11.547005383792516,3.142857142857143,7.448234050846581,1.5714285714285714,5.316364948321011,0.7333333333333333,3.647704363902973,1.0,1.7320508075688767,20.0,0,2024-01-08
2024,1,1,2,False,3,False,False,526,0.15430882066428117,0.9880226656636976,0.7818314824680298,0.6234898018587336,24.382502,83.701836,8.25,13.2,3.6999998,9.477528,7.0,20.40860183673672,False,False,True,False,2040.8601836736718,0.31523251100000005,33.0,48.765004,0.0,4.0,2.0,13.0,7,0.2857142857142857,6.0,20.0,0.0,0.0,0.0,3.0,0.0,0.0,0.0,0.0,0.0,0.0,0.0,9.666666666666666,10.016652800877813,4.428571428571429,7.590721152765896,2.2142857142857144,5.645673243611109,1.0333333333333334,3.9434217010920465,2.3333333333333335,2.081665999466133,9.0,0,2024-01-09
2024,1,2,2,False,3,False,False,527,0.1712931441814776,0.9852201067560606,0.9749279121818236,-0.22252093395631434,22.353333,89.42536,7.53,11.6,16.2,7.476484,4.799999,19.9895485072488,True,False,True,False,1998.9548507248799,0.2530833,30.12,44.706666,0.0,4.0,2.0,12.0,6,0.3076923076923077,6.0,9.0,0.0,1.0,0.0,4.0,0.0,2.0,0.0,2.0,0.0,0.0,0.0,13.0,6.082762530298221,5.714285714285714,7.674943772091226,2.9285714285714284,5.967402291608143,1.3666666666666667,4.262776603085846,3.6666666666666665,0.5773502691896284,10.0,0,2024-01-10
2024,1,3,2,False,3,False,False,528,0.1882267098432442,0.9821256058680006,0.43388373911755823,-0.900968867902419,22.522085,81.784515,10.01,16.64,1.1,7.2283883,6.350000000000001,18.41957798513775,False,False,True,False,1841.957798513775,0.34844810000000004,30.03,22.522085,0.0,9.0,3.0,22.0,5,0.13043478260869565,4.0,10.0,20.0,0.0,0.0,4.0,3.0,0.0,0.0,2.0,0.0,0.0,0.0,11.333333333333334,3.2145502536643202,7.857142857142857,7.9041881604748285,4.0,6.702467972551373,1.8666666666666667,4.925187434440219,3.6666666666666665,0.5773502691896284,15.0,0,2024-01-11
2024,1,0,3,False,3,False,False,532,0.255353295116187,0.9668478136052775,0.0,1.0,21.95542,79.91401,10.79,18.47,1.9,10.721097,6.300000999999998,17.545456534342,False,False,False,False,1754.5456534342002,0.3691259143866667,10.79,0.0,0.0,0.0,0.0,1.0,1,0.5,1.0,0.0,0.0,20.0,0.0,0.0,0.0,3.0,0.0,0.0,0.0,0.0,0.0,0.3333333333333333,0.5773502691896027,5.0,6.218252702059211,4.071428571428571,6.6617655977316454,1.9,4.915492749004646,0.3333333333333333,0.5773502691896262,1.0,0,2024-01-15
2024,1,1,3,False,3,False,False,533,0.2719581575341055,0.9623090774541486,0.7818314824680298,0.6234898018587336,21.634588,81.909836,10.65,18.64,1.3000001,7.59129,7.599999,17.72085555007568,False,False,True,False,1772.085555007568,0.36220650000000004,31.950000000000003,21.634588,0.0,0.0,1.0,11.0,6,0.25,4.0,1.0,0.0,9.0,0.0,1.0,0.0,4.0,0.0,0.0,0.0,2.0,0.0,3.6666666666666665,5.507570547286101,5.142857142857143,6.3358391032961965,4.785714285714286,6.727424600710271,2.2333333333333334,5.11713371637525,1.3333333333333333,1.527525231651947,10.0,1,2024-01-16
2024,1,2,3,False,3,False,False,534,0.288482432880609,0.9574851883550393,0.9749279121818236,-0.22252093395631434,22.407501,85.1355,13.42,23.49,1.9000001,4.3871436,8.8,19.076738013855,False,False,True,False,1907.6738013855,0.4841488666666666,40.26,44.815002,0.0,0.0,2.0,21.0,6,0.13636363636363635,5.0,10.0,0.0,10.0,1.0,3.0,0.0,4.0,2.0,1.0,0.0,2.0,0.0,8.333333333333334,6.658328118479393,5.714285714285714,6.993193970194299,5.714285714285714,7.053952208389403,2.7,5.5282971126303675,2.3333333333333335,1.1547005383792524,14.0,0,2024-01-17
2024,1,3,3,False,3,False,False,535,0.30492122465628907,0.9523775757303974,0.43388373911755823,-0.900968867902419,24.324165,80.67696,10.63,17.17,0.2,6.691217,8.049999,19.623996867384,False,False,True,False,1962.3996867383999,0.4068809666666667,31.89,24.324165,0.0,3.0,3.0,18.0,7,0.15789473684210525,4.0,14.0,1.0,15.0,0.0,3.0,1.0,3.0,0.0,2.0,0.0,1.0,0.0,12.333333333333334,2.0816659994661384,5.428571428571429,6.579187965525404,6.642857142857143,7.099373134375942,3.1333333333333333,5.811601555825913,3.0,0.0,13.0,0,2024-01-18
2024,1,0,4,False,3,False,False,539,0.3697245428906731,0.9291414114031743,0.0,1.0,23.188751,84.66777,6.85,10.33,1.5000001,14.171604,5.700001,19.6333983625527,False,False,True,False,1963.33983625527,0.24347184246666664,13.7,46.377502,0.0,0.0,4.0,15.0,6,0.125,4.0,0.0,0.0,1.0,20.0,0.0,0.0,1.0,3.0,0.0,0.0,0.0,0.0,3.6666666666666665,6.350852961085885,6.857142857142857,6.542898731412845,5.928571428571429,6.207492813766845,3.5,5.9523973727195525,0.6666666666666666,1.1547005383792508,11.0,1,2024-01-22
2024,1,1,4,False,3,False,False,540,0.38566340624360707,0.9226395488404876,0.7818314824680298,0.6234898018587336,21.961668,80.83773,4.39,6.88,3.8999999,11.516173,4.0,17.7533138813364,False,False,True,False,1775.3313881336398,0.14315789999999998,13.169999999999998,0.0,0.0,0.0,0.0,7.0,4,0.375,3.0,11.0,0.0,10.0,9.0,2.0,0.0,3.0,4.0,2.0,0.0,1.0,2.0,5.666666666666667,5.507570547286104,6.285714285714286,6.395683067879608,5.714285714285714,6.1447735318921035,3.7,5.931505594761727,1.6666666666666667,1.5275252316519465,6.0,0,2024-01-23
2024,1,3,4,False,3,False,False,542,0.4171936026123168,0.9088176373395029,0.43388373911755823,-0.900968867902419,21.555418,75.74108,7.71,12.99,1.3000001,7.2491474,6.199999999999999,16.326306391714397,False,False,False,False,1632.63063917144,0.2524511,7.71,0.0,0.0,2.0,0.0,12.0,4,0.07692307692307693,1.0,0.0,11.0,13.0,15.0,0.0,2.0,3.0,3.0,0.0,2.0,1.0,1.0,5.666666666666667,5.507570547286104,4.0,5.259911279353168,4.714285714285714,5.770329565692353,4.066666666666666,6.034003265022224,1.3333333333333333,1.5275252316519465,11.0,0,2024-01-25
2024,1,0,5,False,3,False,False,546,0.47873384011578846,0.8779600847008882,0.0,1.0,22.1825,79.899864,10.8,19.06,0.90000004,5.1691856,9.25,17.7237873318,False,False,False,False,1772.37873318,0.38530800000000004,43.2,44.365,0.0,8.0,2.0,14.0,7,0.26666666666666666,6.0,0.0,0.0,11.0,1.0,0.0,0.0,2.0,1.0,0.0,0.0,2.0,0.0,4.333333333333333,7.505553499465137,4.285714285714286,5.736267244886863,5.571428571428571,6.060138177077708,4.5,6.196495116123142,1.3333333333333333,2.309401076758503,13.0,1,2024-01-29
2024,1,1,5,False,3,False,False,547,0.49377555015997715,0.869589389346611,0.7818314824680298,0.6234898018587336,23.403336,79.24703,12.16,21.52,1.0,6.397754,9.0,18.5464487009208,False,False,False,False,1854.6448700920798,0.4549056,12.16,0.0,0.0,2.0,0.0,6.0,4,0.14285714285714285,1.0,13.0,0.0,6.0,10.0,4.0,0.0,3.0,3.0,2.0,0.0,0.0,1.0,6.333333333333333,6.506407098647714,4.285714285714286,5.736267244886863,5.285714285714286,5.9281411203561225,4.7,6.142839958734128,1.6666666666666667,2.0816659994661326,6.0,0,2024-01-30
2024,1,2,5,False,3,False,False,548,0.5086709438521044,0.8609610158889943,0.9749279121818236,-0.22252093395631434,24.199165,78.40416,11.36,19.0,0.4,5.558288,10.25,18.973152045264,False,False,False,False,1897.3152045264,0.44466826666666665,11.36,0.0,0.0,0.0,0.0,1.0,1,0.5,1.0,6.0,0.0,0.0,14.0,1.0,0.0,0.0,3.0,0.0,0.0,0.0,2.0,6.666666666666667,6.027713773341711,4.428571428571429,5.623081683476387,4.357142857142857,5.457628998540876,4.733333333333333,6.119123970056462,2.0,1.7320508075688772,1.0,0,2024-01-31
2024,2,1,6,False,3,False,False,554,0.5947266869607634,0.8039279618328213,0.7818314824680298,0.6234898018587336,24.317915,77.29853,7.92,11.86,0.0,4.7115417,11.349999999999998,18.7973908216495,False,False,False,False,1879.7390821649499,0.31635119999999994,15.84,0.0,0.0,0.0,0.0,10.0,3,0.18181818181818182,2.0,0.0,0.0,6.0,6.0,0.0,0.0,1.0,3.0,0.0,0.0,0.0,0.0,3.0,5.196152422706635,1.4285714285714286,3.359421718944246,2.857142857142857,4.753252212265472,4.966666666666667,6.150320055217388,0.6666666666666666,1.1547005383792515,9.0,0,2024-02-06
2024,3,1,10,False,2,False,False,582,0.8996308696522433,0.43665123195606403,0.7818314824680298,0.6234898018587336,26.678331,74.85007,5.8,8.7,0.0,4.9451222,10.65,19.9687494283317,False,False,False,False,1996.87494283317,0.247138,23.2,26.678331,0.0,0.0,1.0,8.0,5,0.4444444444444444,5.0,0.0,0.0,0.0,0.0,0.0,0.0,0.0,0.0,0.0,0.0,0.0,0.0,1.0,1.7320508075688843,0.42857142857142855,1.1338934190276944,0.21428571428571427,0.8017837257372766,0.4,1.7140393911701004,1.3333333333333333,2.3094010767585034,3.0,0,2024-03-05
2024,3,2,10,False,2,False,False,583,0.9070138128026359,0.4211008707960896,0.9749279121818236,-0.22252093395631434,26.753334,73.98353,8.55,12.52,0.1,7.847294,8.55,19.7930608858902,False,False,False,False,1979.30608858902,0.3591855,17.1,0.0,0.0,0.0,0.0,3.0,2,0.5,2.0,3.0,0.0,0.0,0.0,4.0,0.0,0.0,0.0,1.0,0.0,0.0,0.0,1.6666666666666667,1.5275252316519552,0.7142857142857143,1.2535663410560285,0.35714285714285715,0.9287827316640682,0.4666666666666667,1.7366899418212218,2.0,2.0,2.0,0,2024-03-06
2024,3,1,11,False,2,False,False,589,0.9455963874271426,0.3253420847119801,0.7818314824680298,0.6234898018587336,23.161667,84.94163,13.69,21.26,5.1999993,8.838479,3.1999999999999997,19.673897484972105,True,False,True,False,1967.3897484972101,0.4564702333333333,0.0,0.0,0.0,0.0,0.0,1.0,1,0.0,0.0,0.0,0.0,3.0,0.0,0.0,0.0,4.0,0.0,0.0,0.0,1.0,0.0,0.3333333333333333,0.5773502691896442,0.42857142857142855,0.7867957924694614,0.42857142857142855,0.9376144618769939,0.2,0.6643638388299269,0.0,0.0,1.0,0,2024-03-12
2024,3,2,12,False,2,False,False,597,0.9813064702716093,0.19245158197082998,0.9749279121818236,-0.22252093395631434,23.795004,77.70286,10.29,16.3,1.7000002,9.1870985,7.699999000000002,18.4893986451144,False,False,False,False,1848.93986451144,0.3924949,0.0,0.0,0.0,0.0,0.0,1.0,1,0.0,0.0,0.0,0.0,0.0,2.0,0.0,0.0,0.0,2.0,0.0,0.0,0.0,0.0,0.3333333333333333,0.5773502691896442,0.14285714285714285,0.37796447300926705,0.14285714285714285,0.36313651960128934,0.23333333333333334,0.6789105539243698,0.0,0.0,1.0,0,2024-03-20
2024,3,3,12,False,2,False,False,598,0.9844738167520922,0.1755314904214282,0.43388373911755823,-0.900968867902419,25.53042,70.26853,14.18,23.25,0.1,6.8621945,9.950001,17.939850836825997,False,False,False,False,1793.9850836826,0.5749044855733334,0.0,0.0,0.0,0.0,0.0,2.0,2,0.0,0.0,1.0,0.0,0.0,0.0,0.0,0.0,0.0,0.0,0.0,0.0,0.0,0.0,1.0,1.0000000000000115,0.42857142857142855,0.7867957924694614,0.2857142857142857,0.6112498455021314,0.3,0.7497125886079619,0.0,0.0,2.0,1,2024-03-21
2024,4,1,17,False,1,False,False,631,0.9242907221930933,-0.3816892202666588,0.7818314824680298,0.6234898018587336,28.972086,75.925316,8.44,12.68,13.9,4.2623944,12.05,21.99714784729176,True,True,False,False,2199.714784729176,0.41927106666666664,0.0,0.0,0.0,0.0,0.0,1.0,1,0.0,0.0,0.0,0.0,0.0,0.0,0.0,0.0,0.0,0.0,0.0,0.0,0.0,0.0,0.3333333333333333,0.5773502691896442,0.14285714285714285,0.3779644730092671,0.07142857142857142,0.2672612419124349,0.03333333333333333,0.18257418583508037,0.0,0.0,1.0,0,2024-04-23
2024,4,2,17,False,1,False,False,632,0.9175836260593937,-0.39754281428255595,0.9749279121818236,-0.22252093395631434,29.786667,72.22025,10.82,15.69,0.1,5.72756,12.849999,21.5120053740675,False,True,False,False,2151.20053740675,0.5375015333333334,10.82,0.0,0.0,0.0,0.0,3.0,3,0.25,1.0,1.0,0.0,0.0,0.0,0.0,0.0,0.0,0.0,0.0,0.0,0.0,0.0,1.3333333333333333,1.5275252316519548,0.5714285714285714,1.1338934190276941,0.2857142857142857,0.8254203058555605,0.13333333333333333,0.5713464637233739,0.3333333333333333,0.5773502691896245,3.0,0,2024-04-24
2024,4,3,17,False,1,False,False,633,0.9106046300942162,-0.4132786077829042,0.43388373911755823,-0.900968867902419,30.199167,68.454384,9.02,13.02,0.0,6.765623,12.599999999999998,20.67265374298128,False,True,False,False,2067.265374298128,0.44387420000000005,0.0,0.0,0.0,0.0,0.0,1.0,1,0.0,0.0,3.0,0.0,0.0,0.0,1.0,0.0,0.0,0.0,0.0,0.0,0.0,0.0,1.6666666666666667,1.1547005383792626,0.7142857142857143,1.1126972805283861,0.35714285714285715,0.8418973861410989,0.16666666666666666,0.5920934999167679,0.3333333333333333,0.5773502691896245,1.0,0,2024-04-25
2024,5,6,18,True,1,False,False,643,0.8263541987239096,-0.5631507242749186,-0.7818314824680299,0.6234898018587334,31.420004,58.184204,5.55,8.42,0.0,7.9727254,12.049999999999995,18.28147922416816,False,True,False,False,1828.147922416816,0.2816255,0.0,0.0,0.0,0.0,0.0,1.0,1,0.0,0.0,0.0,0.0,0.0,0.0,0.0,0.0,0.0,0.0,0.0,0.0,0.0,0.0,0.3333333333333333,0.5773502691896455,0.14285714285714285,0.37796447300926705,0.42857142857142855,0.8516306272526435,0.2,0.6102571532587371,0.0,0.0,1.0,0,2024-05-05
2024,5,3,19,False,1,True,False,647,0.7856498550787147,-0.6186714032625031,0.43388373911755823,-0.900968867902419,28.242918,73.69866,7.21,11.4,1.5,7.354786,9.849999999999998,20.8146521108988,False,True,False,False,2081.46521108988,0.32356076666666667,7.21,0.0,0.0,0.0,0.0,2.0,2,0.3333333333333333,1.0,0.0,0.0,0.0,1.0,0.0,0.0,0.0,0.0,0.0,0.0,0.0,0.0,0.6666666666666666,1.1547005383792617,0.42857142857142855,0.7867957924694614,0.21428571428571427,0.5789342235218443,0.26666666666666666,0.6914918072835278,0.3333333333333333,0.5773502691896245,2.0,0,2024-05-09
2024,5,4,19,False,1,True,False,648,0.7748840413670407,-0.6321034111873487,-0.433883739117558,-0.9009688679024191,27.23667,83.1817,6.82,10.52,24.5,3.9683235,7.599999999999998,22.655925129390003,True,True,True,False,2265.5925129390002,0.2969655333333333,6.82,0.0,0.0,0.0,0.0,2.0,2,0.3333333333333333,1.0,2.0,0.0,0.0,0.0,1.0,0.0,0.0,0.0,0.0,0.0,0.0,0.0,1.0,1.000000000000012,0.5714285714285714,0.786795792469461,0.2857142857142857,0.6112498455021312,0.3,0.7022132498578133,0.6666666666666666,0.5773502691896248,1.0,0,2024-05-10
2024,5,0,20,False,1,True,False,651,0.7412220108485958,-0.6712599575675313,0.0,1.0,27.890833,82.613335,10.53,15.35,7.4999995,4.7468653,8.450000999999997,23.041547300580557,True,True,True,False,2304.154730058055,0.4542993280799999,10.53,27.890833,0.0,0.0,0.0,3.0,3,0.25,2.0,0.0,1.0,0.0,0.0,0.0,1.0,0.0,0.0,0.0,0.0,0.0,0.0,1.0,1.7320508075688845,0.8571428571428571,1.2149857925879228,0.5,0.9405399431259633,0.4,0.8550055454548997,0.3333333333333333,0.5773502691896245,3.0,0,2024-05-13
2024,5,1,21,False,0,False,True,659,0.6420547132365637,-0.766658819300159,0.7818314824680298,0.6234898018587336,28.651253,80.06812,9.73,14.27,2.8,4.5126114,10.35,22.9405196335436,False,True,True,False,2294.05196335436,0.44702863333333337,0.0,0.0,0.0,0.0,0.0,1.0,1,0.0,0.0,0.0,0.0,0.0,0.0,0.0,0.0,0.0,0.0,0.0,0.0,0.0,0.0,0.3333333333333333,0.577350269189646,0.14285714285714285,0.3779644730092672,0.5,0.9405399431259633,0.43333333333333335,0.8583598366625808,0.0,0.0,1.0,0,2024-05-21
2024,5,2,21,False,0,False,True,660,0.6287628145958344,-0.7775971469736269,0.9749279121818236,-0.22252093395631434,29.922081,71.05087,7.3,10.9,0.1,5.9004045,9.900001999999995,21.259898872604698,False,True,False,False,2125.98988726047,0.33927968613333326,21.9,0.0,0.0,0.0,0.0,3.0,1,0.75,3.0,1.0,0.0,0.0,0.0,0.0,0.0,0.0,0.0,0.0,0.0,0.0,0.0,1.0,1.0000000000000124,0.42857142857142855,0.7867957924694615,0.6428571428571429,1.0082080720186295,0.5,0.9001915504970134,1.0,1.7320508075688772,2.0,0,2024-05-22
2024,5,4,21,False,0,False,True,662,0.6016240632249226,-0.7987793728863649,-0.433883739117558,-0.9009688679024191,29.565832,74.677666,8.77,13.45,1.5,6.9083915,9.000000000000004,22.07907327108112,False,True,False,False,2207.907327108112,0.40584636666666674,0.0,29.565832,0.0,0.0,1.0,2.0,2,0.0,1.0,0.0,1.0,0.0,1.0,0.0,0.0,0.0,1.0,0.0,0.0,0.0,0.0,1.3333333333333333,1.1547005383792626,0.7142857142857143,0.9511897312113563,0.5714285714285714,1.0163498575623644,0.43333333333333335,0.8172001541568829,1.0,1.732050807568877,2.0,0,2024-05-24
2024,5,0,22,False,0,False,True,665,0.5595892624101765,-0.8287700871745038,0.0,1.0,28.055414,83.02235,8.09,11.71,0.2,4.6480327,9.35,23.292264005029,False,True,True,False,2329.2264005029,0.3635915666666667,16.18,28.055414,0.0,2.0,0.0,10.0,6,0.18181818181818182,3.0,0.0,2.0,0.0,3.0,0.0,0.0,0.0,1.0,0.0,1.0,0.0,1.0,2.3333333333333335,4.041451884327384,1.7142857142857142,2.49761791275112,0.8571428571428571,1.9158104473902622,0.6333333333333333,1.449930636470146,0.6666666666666666,1.1547005383792508,7.0,0,2024-05-27
2024,5,1,22,False,0,False,True,666,0.545240438540651,-0.8382797052177744,0.7818314824680298,0.6234898018587336,28.324167,86.31052,12.92,19.57,23.500002,4.9393487,9.650000000000002,24.4467358233684,True,True,True,False,2444.67358233684,0.6065078666666668,12.92,28.324167,0.0,0.0,1.0,5.0,5,0.16666666666666666,2.0,7.0,0.0,1.0,0.0,2.0,0.0,0.0,0.0,1.0,0.0,0.0,0.0,3.3333333333333335,3.5118845842842505,2.0,2.5166114784235876,1.0714285714285714,1.9792883614022552,0.7333333333333333,1.5070714541175885,1.0,0.9999999999999993,3.0,0,2024-05-28
2024,5,2,22,False,0,False,True,667,0.5307300481619334,-0.8475409228928311,0.9749279121818236,-0.22252093395631434,29.36583,76.24698,10.82,15.93,1.3000001,7.584341,8.949999999999996,22.390558526934,False,True,False,False,2239.0558526933996,0.4949428666666666,10.82,0.0,0.0,2.0,0.0,3.0,2,0.25,1.0,3.0,0.0,2.0,0.0,1.0,0.0,3.0,0.0,1.0,0.0,0.0,0.0,4.0,2.645751311064597,2.0,2.5166114784235876,1.2142857142857142,1.9681530361296553,0.8,1.5177115259040763,1.3333333333333333,0.5773502691896248,2.0,0,2024-05-29
2024,5,3,22,False,0,False,True,668,0.5160623910158528,-0.8565509959010036,0.43388373911755823,-0.900968867902419,30.038752,72.33812,10.68,15.8,0.6,5.9892635,8.599999999999998,21.7294684682624,False,True,False,False,2172.94684682624,0.49565879999999995,10.68,30.038752,0.0,3.0,1.0,8.0,6,0.1111111111111111,2.0,2.0,7.0,0.0,0.0,1.0,2.0,0.0,0.0,0.0,1.0,0.0,0.0,4.333333333333333,3.214550253664324,3.142857142857143,3.184785258515425,1.7857142857142858,2.6363894724697747,1.0666666666666667,1.9988502442280627,1.0,0.0,8.0,0,2024-05-30
2024,5,4,22,False,0,False,True,669,0.5012418134457758,-0.865307254363206,-0.433883739117558,-0.9009688679024191,29.905416,74.35409,11.51,16.92,3.0999997,5.460756,10.250001999999997,22.2358999275144,False,True,False,False,2223.5899927514397,0.5387831306933333,0.0,0.0,0.0,0.0,0.0,1.0,1,0.0,0.0,8.0,3.0,2.0,0.0,1.0,1.0,0.0,0.0,1.0,1.0,1.0,0.0,3.6666666666666665,3.7859388972001864,3.0,3.265986323710907,1.8571428571428572,2.597547448508449,1.1,1.9887615276329929,0.6666666666666666,0.5773502691896243,1.0,0,2024-05-31
2024,6,0,23,False,0,False,True,672,0.4559066935084588,-0.8900275764346767,0.0,1.0,27.242918,89.39746,9.73,14.11,21.500002,3.8527873,5.350000000000001,24.3544767218828,True,False,True,False,2435.4476721882797,0.39967596666666666,19.46,0.0,0.0,4.0,0.0,9.0,5,0.2,2.0,0.0,1.0,7.0,0.0,0.0,0.0,2.0,0.0,0.0,0.0,1.0,0.0,2.6666666666666665,4.618802153517009,3.142857142857143,3.4846602621858507,2.4285714285714284,3.0054894830904066,1.3666666666666667,2.3412836640190164,0.6666666666666666,1.1547005383792508,8.0,0,2024-06-03
2024,6,1,23,False,0,False,True,673,0.440518784350495,-0.8977433935342337,0.7818314824680298,0.6234898018587336,27.101244,89.315834,12.03,17.71,19.100002,2.7603638,7.450000000000003,24.20570210297496,True,True,True,False,2420.570210297496,0.5206183000000001,12.03,27.101244,0.0,0.0,2.0,6.0,5,0.14285714285714285,2.0,8.0,0.0,3.0,1.0,2.0,0.0,1.0,0.0,0.0,0.0,1.0,0.0,4.666666666666667,4.163331998932269,3.5714285714285716,3.6449573777637374,2.7857142857142856,3.117656206155552,1.5333333333333334,2.4876707473310145,1.0,0.9999999999999992,6.0,0,2024-06-04
2024,6,2,23,False,0,False,True,674,0.42500033996955416,-0.9051931898913974,0.9749279121818236,-0.22252093395631434,27.140837,85.56988,10.04,14.48,5.8999996,4.2693653,9.000000000000004,23.2243816518956,True,True,True,False,2322.43816518956,0.4378444,10.04,0.0,0.0,2.0,0.0,12.0,5,0.07692307692307693,1.0,6.0,0.0,2.0,2.0,1.0,0.0,1.0,3.0,1.0,0.0,0.0,0.0,8.0,2.0000000000000093,4.714285714285714,4.270608298368658,3.357142857142857,3.65022955773686,1.8666666666666667,2.9093586606143917,1.3333333333333333,0.5773502691896247,10.0,0,2024-06-05
2024,6,4,23,False,0,False,True,676,0.39359027665646673,-0.9192859697186104,-0.433883739117558,-0.9009688679024191,27.028336,87.26064,8.68,12.43,7.4,3.3838727,8.299999000000003,23.5850989749504,True,True,True,False,2358.5098974950397,0.37274813333333334,0.0,0.0,0.0,0.0,0.0,1.0,1,0.0,0.0,0.0,6.0,1.0,2.0,0.0,1.0,0.0,0.0,0.0,1.0,0.0,1.0,3.6666666666666665,5.507570547286104,3.5714285714285716,4.314979445958883,3.2857142857142856,3.6884136975664235,1.9,2.8929164379984074,0.3333333333333333,0.5773502691896237,1.0,0,2024-06-07
2024,6,0,24,False,0,False,True,679,0.3456123126707335,-0.9383773917408641,0.0,1.0,28.24292,82.97633,14.21,20.58,0.6,3.9629428,9.9,23.434938500836004,False,True,True,False,2343.4938500836,0.6471707666666666,0.0,0.0,0.0,0.0,0.0,10.0,5,0.0,0.0,0.0,1.0,8.0,7.0,0.0,0.0,2.0,2.0,0.0,0.0,0.0,1.0,2.6666666666666665,4.618802153517008,3.5714285714285716,4.314979445958883,3.357142857142857,3.7745533175798114,2.066666666666667,3.117617717085446,0.0,0.0,8.0,0,2024-06-10
2024,6,1,24,False,0,False,True,680,0.3294084822245304,-0.9441875088341993,0.7818314824680298,0.6234898018587336,28.91375,81.95534,14.44,21.0,14.3,4.303613,9.699999999999996,23.696362119250004,True,True,True,False,2369.636211925,0.6797870666666667,0.0,0.0,0.0,0.0,0.0,1.0,1,0.0,0.0,8.0,0.0,6.0,3.0,0.0,0.0,1.0,1.0,0.0,0.0,1.0,1.0,3.0,4.358898943540676,2.857142857142857,4.259443290250166,3.2142857142857144,3.826598638851108,2.1,3.100055616853707,0.0,0.0,1.0,0,2024-06-11
2024,6,2,24,False,0,False,True,681,0.3131070409358269,-0.9497178427914316,0.9749279121818236,-0.22252093395631434,28.447083,82.60403,9.83,14.32,2.0,3.644396,10.799999999999995,23.498436975444896,False,True,True,False,2349.8436975444897,0.46079763333333335,0.0,0.0,0.0,0.0,0.0,1.0,1,0.0,0.0,1.0,0.0,10.0,2.0,0.0,0.0,1.0,1.0,0.0,0.0,0.0,0.0,3.3333333333333335,4.041451884327383,1.5714285714285714,2.8784916685157014,3.142857142857143,3.8601941532905975,2.033333333333333,3.1015383650512964,0.0,0.0,1.0,0,2024-06-12
2024,6,3,24,False,0,False,True,682,0.29671281927349075,-0.9549667548552551,0.43388373911755823,-0.900968867902419,28.995003,81.29319,16.82,24.27,6.5,5.025356,10.050001999999996,23.5709628792957,True,True,True,False,2357.09628792957,0.7873442448533334,16.82,0.0,0.0,1.0,0.0,7.0,4,0.125,1.0,1.0,8.0,0.0,8.0,0.0,0.0,0.0,1.0,0.0,0.0,0.0,1.0,3.0,3.4641016151377575,2.5714285714285716,3.408672412985389,3.0714285714285716,3.771640853166528,2.2666666666666666,3.204881334435973,0.3333333333333333,0.5773502691896237,7.0,0,2024-06-13
2024,6,1,25,False,0,False,True,687,0.21352091543979612,-0.9769384927771817,0.7818314824680298,0.6234898018587336,27.063751,87.70652,7.33,10.77,16.7,4.7898855,8.649999999999999,23.7366741835652,True,True,True,False,2373.66741835652,0.3142859666666667,14.66,27.063751,0.0,0.0,1.0,4.0,3,0.4,3.0,0.0,0.0,1.0,6.0,0.0,0.0,0.0,1.0,0.0,0.0,0.0,1.0,1.0,1.7320508075688803,1.5714285714285714,2.636736799982314,2.2142857142857144,3.468064665987723,2.3666666666666667,3.178411372144066,0.6666666666666666,1.1547005383792506,3.0,0,2024-06-18
2024,6,3,25,False,0,False,True,689,0.1797665857255624,-0.9837092937736097,0.43388373911755823,-0.900968867902419,29.222082,77.705284,8.22,12.15,2.5,4.6468973,8.649999999999999,22.707101808812883,False,True,False,False,2270.710180881288,0.3754622,0.0,58.444164,0.0,0.0,0.0,4.0,3,0.0,2.0,0.0,0.0,7.0,0.0,0.0,0.0,1.0,0.0,0.0,0.0,0.0,0.0,1.6666666666666667,1.5275252316519508,0.7142857142857143,1.253566341056027,1.6428571428571428,2.6488645711858365,2.4,3.168813549318552,0.6666666666666666,1.1547005383792506,2.0,0,2024-06-20
2024,8,2,32,False,3,False,False,737,-0.6016240632249227,-0.7987793728863648,0.9749279121818236,-0.22252093395631434,27.888748,85.72736,7.18,10.3,14.4,3.793994,8.2,23.908287397452803,True,True,True,False,2390.82873974528,0.31838513333333335,7.18,0.0,0.0,0.0,0.0,2.0,2,0.3333333333333333,1.0,0.0,0.0,0.0,0.0,0.0,0.0,0.0,0.0,0.0,0.0,0.0,0.0,0.3333333333333333,0.5773502691896326,0.14285714285714285,0.377964473009262,0.07142857142857142,0.26726124191244216,0.03333333333333333,0.18257418583508778,0.3333333333333333,0.5773502691896237,1.0,0,2024-08-07
2024,8,0,33,False,3,False,False,742,-0.6680638642135333,-0.7441039398713608,0.0,1.0,27.682508,86.16749,9.71,14.58,16.6,4.26152,9.249999,23.8533223126492,True,True,True,False,2385.3322312649198,0.43575243333333336,9.71,0.0,0.0,0.0,0.0,5.0,5,0.16666666666666666,1.0,0.0,0.0,0.0,0.0,0.0,0.0,0.0,0.0,0.0,0.0,0.0,0.0,1.6666666666666667,2.886751345948131,0.8571428571428571,1.8644544714716151,0.42857142857142855,1.342459609149494,0.2,0.9247553264475503,0.3333333333333333,0.5773502691896237,5.0,0,2024-08-12
2024,8,1,33,False,3,False,False,743,-0.6807734094770159,-0.7324940716135792,0.7818314824680298,0.6234898018587336,27.734583,86.37811,6.36,9.48,19.699997,3.6546488,9.449999999999996,23.956608611781306,True,True,True,False,2395.6608611781303,0.2888076,6.36,0.0,0.0,1.0,0.0,4.0,4,0.2,1.0,5.0,0.0,0.0,0.0,1.0,0.0,0.0,0.0,0.0,0.0,0.0,0.0,3.0,2.6457513110645943,1.4285714285714286,2.1491969707422447,0.7142857142857143,1.6374732612530474,0.3333333333333333,1.1547005383792568,0.6666666666666666,0.5773502691896241,4.0,0,2024-08-13
2024,8,2,33,False,3,False,False,744,-0.6932812268869771,-0.7206671495538615,0.9749279121818236,-0.22252093395631434,27.661667,87.16975,7.8,11.81,36.8,4.74301,9.099999,24.1126059697325,True,True,True,False,2411.26059697325,0.351078,7.8,27.661667,0.0,1.0,0.0,7.0,6,0.125,2.0,4.0,0.0,1.0,0.0,1.0,0.0,1.0,0.0,0.0,0.0,0.0,0.0,4.666666666666667,0.577350269189647,2.0,2.516611478423587,1.0714285714285714,1.979288361402256,0.5,1.4323840748664607,1.0,0.0,5.0,0,2024-08-14
2024,8,3,33,False,3,False,False,745,-0.7055836101071774,-0.70862667826446,0.43388373911755823,-0.900968867902419,27.572083,86.7124,5.62,8.14,10.4,4.1428065,9.95,23.908414899292,True,True,True,False,2390.8414899292,0.2540802,11.24,27.572083,0.0,2.0,0.0,7.0,5,0.25,3.0,5.0,5.0,0.0,0.0,1.0,1.0,0.0,0.0,1.0,0.0,0.0,0.0,4.666666666666667,0.577350269189647,2.7142857142857144,2.5634797778466263,1.4285714285714286,2.208873214813582,0.6666666666666666,1.647010527641196,1.3333333333333333,0.5773502691896247,5.0,0,2024-08-15
2024,8,0,34,False,3,False,False,749,-0.7526668275320083,-0.6584015846980489,0.0,1.0,27.617918,84.876595,19.15,28.47,17.4,4.6527934,9.7,23.4411484082921,True,True,True,False,2344.1148408292097,0.8555581666666666,38.3,0.0,0.0,6.0,0.0,10.0,5,0.18181818181818182,2.0,0.0,0.0,5.0,0.0,0.0,0.0,1.0,0.0,0.0,0.0,0.0,0.0,2.6666666666666665,4.618802153517008,3.142857142857143,3.1847852585154244,2.0,2.7735009811261477,0.9333333333333333,2.116166562333939,0.6666666666666666,1.1547005383792508,8.0,0,2024-08-19
2024,8,1,34,False,3,False,False,750,-0.7638886127905429,-0.64534811322955,0.7818314824680298,0.6234898018587336,27.184586,85.75457,11.7,17.12,14.3,4.941117,9.7,23.3120248305802,True,True,True,False,2331.20248305802,0.514917,23.4,0.0,0.0,8.0,0.0,13.0,5,0.14285714285714285,2.0,8.0,0.0,4.0,0.0,2.0,0.0,1.0,0.0,0.0,0.0,0.0,0.0,6.333333333333333,5.686240703077329,4.142857142857143,4.375255094603874,2.7857142857142856,3.598687184314505,1.3,2.7934652809480345,1.3333333333333333,1.154700538379251,11.0,0,2024-08-20
2024,8,2,34,False,3,False,False,751,-0.7748840413670406,-0.6321034111873488,0.9749279121818236,-0.22252093395631434,27.644999,83.262955,7.89,11.48,1.4,5.231808,9.1,23.01804307712045,False,True,True,False,2301.804307712045,0.3493429,7.89,27.644999,0.0,0.0,0.0,4.0,3,0.2,2.0,11.0,0.0,5.0,1.0,2.0,0.0,1.0,1.0,0.0,0.0,1.0,0.0,7.666666666666667,3.5118845842842505,4.0,4.358898943540675,3.0,3.5734060459498274,1.4333333333333333,2.824563845895547,1.6666666666666667,0.5773502691896248,4.0,0,2024-08-21
2024,8,3,34,False,3,False,False,752,-0.7856498550787144,-0.6186714032625032,0.43388373911755823,-0.900968867902419,27.06375,85.53013,6.48,9.32,5.9,4.744692,8.849999999999998,23.147660557875,True,True,True,False,2314.7660557874997,0.2812968,0.0,0.0,0.0,0.0,0.0,3.0,1,0.0,0.0,4.0,8.0,5.0,0.0,1.0,2.0,2.0,0.0,1.0,0.0,1.0,0.0,5.666666666666667,4.7258156262526105,3.5714285714285716,4.3915503282684005,3.142857142857143,3.483083135939787,1.5,2.813146477424929,1.0,0.9999999999999992,2.0,0,2024-08-22
2024,8,6,34,True,3,False,False,755,-0.8165380514459157,-0.5772916165517278,-0.7818314824680299,0.6234898018587334,26.605417,86.371315,8.99,13.23,13.3,4.1264424,9.099999999999998,22.97944852413355,True,True,True,False,2297.944852413355,0.39145456666666667,17.98,26.605417,0.0,0.0,0.0,67.0,3,0.029411764705882353,3.0,0.0,2.0,0.0,0.0,0.0,0.0,0.0,0.0,0.0,0.0,0.0,0.0,11.333333333333334,19.629909152447276,8.428571428571429,11.998015708957084,5.571428571428571,8.84667939193776,2.6333333333333333,6.552090128918502,0.6666666666666666,1.1547005383792508,34.0,0,2024-08-25
2024,8,2,35,False,3,False,False,758,-0.8452490573530634,-0.5343725582809785,0.9749279121818236,-0.22252093395631434,27.078337,88.58781,12.15,17.64,7.2,3.8444731,8.299999999999997,23.988105732719703,True,True,True,False,2398.81057327197,0.5274314999999999,0.0,0.0,0.0,0.0,0.0,2.0,2,0.0,0.0,0.0,34.0,4.0,5.0,0.0,2.0,1.0,1.0,0.0,1.0,1.0,1.0,0.6666666666666666,1.1547005383792524,5.428571428571429,12.634043201566458,4.714285714285714,9.109830458851087,2.7,6.534523701081818,0.0,0.0,2.0,0,2024-08-28
2024,9,0,37,False,3,True,False,770,-0.9368813462954315,-0.34964745525122826,0.0,1.0,26.686668,85.56552,10.4,15.34,10.8,3.9962113,9.999999999999996,22.8345862448736,True,True,True,False,2283.4586244873603,0.4583973333333334,10.4,0.0,0.0,0.0,0.0,2.0,2,0.3333333333333333,1.0,0.0,0.0,0.0,0.0,0.0,0.0,0.0,0.0,0.0,0.0,0.0,0.0,0.6666666666666666,1.1547005383792524,0.2857142857142857,0.7559289460184713,0.2857142857142857,0.7262730392025714,2.7333333333333334,6.528100179533323,0.3333333333333333,0.5773502691896241,2.0,0,2024-09-09
2024,9,2,37,False,3,True,False,772,-0.9483615800121716,-0.31719128858910595,0.9749279121818236,-0.22252093395631434,26.209585,91.29771,5.62,8.07,22.2,5.1954017,6.650000000000002,23.9287509055035,True,False,True,False,2392.87509055035,0.22935220000000003,11.24,0.0,0.0,4.0,0.0,5.0,3,0.3333333333333333,2.0,0.0,0.0,0.0,2.0,0.0,0.0,0.0,0.0,0.0,0.0,0.0,0.0,2.3333333333333335,2.516611478423585,1.0,1.9148542155126822,0.5,1.4005493427717832,2.7333333333333334,6.528100179533323,1.0,0.9999999999999992,5.0,0,2024-09-11
2024,9,3,37,False,2,False,False,773,-0.9536809966304455,-0.300819807635668,0.43388373911755823,-0.900968867902419,25.734587,92.27895,6.6,9.64,20.500002,4.38577,6.75,23.7476066704365,True,False,True,False,2374.76066704365,0.26714600000000005,13.2,25.734587,0.0,0.0,2.0,7.0,4,0.25,3.0,5.0,2.0,0.0,0.0,2.0,1.0,0.0,0.0,0.0,0.0,0.0,0.0,4.0,3.6055512754639913,2.0,2.886751345948132,1.0,2.2188007849009193,2.8333333333333335,6.571009124901611,1.3333333333333333,1.154700538379251,7.0,0,2024-09-12
2024,9,4,37,False,2,False,False,774,-0.9587178169872964,-0.2843591872810036,-0.433883739117558,-0.9009688679024191,25.974167,92.57006,5.32,7.82,29.099998,4.408542,7.349999999999998,24.0443019764002,True,False,True,False,2404.43019764002,0.22136519999999998,5.32,25.974167,0.0,1.0,0.0,5.0,5,0.16666666666666666,2.0,7.0,0.0,0.0,0.0,2.0,0.0,0.0,0.0,1.0,0.0,0.0,0.0,5.666666666666667,1.1547005383792595,2.7142857142857144,2.9277002188456027,1.3571428571428572,2.437121342805986,2.8333333333333335,6.571009124901611,1.6666666666666667,0.5773502691896248,5.0,0,2024-09-13
2024,9,0,38,False,2,False,False,777,-0.9721181966290612,-0.23449138957041052,0.0,1.0,24.859589,98.07868,9.72,13.98,38.0,3.5161178,2.0,24.381956744625203,True,False,True,False,2438.19567446252,0.33770520000000004,19.44,0.0,0.0,0.0,0.0,7.0,3,0.25,2.0,0.0,5.0,2.0,0.0,0.0,1.0,1.0,0.0,0.0,1.0,0.0,0.0,2.0,3.4641016151377557,3.2857142857142856,3.147183169877775,1.7857142857142858,2.6941124249447665,2.8666666666666667,6.584900875505257,0.6666666666666666,1.1547005383792508,6.0,0,2024-09-16
2024,9,5,39,True,2,False,False,789,-0.9995462806873573,-0.03012030484690836,-0.9749279121818236,-0.2225209339563146,26.401253,90.23528,11.45,17.42,14.000001,5.378718,4.899999999999999,23.823244568058403,True,False,True,False,2382.3244568058403,0.45048116666666665,11.45,0.0,0.0,0.0,0.0,1.0,1,0.5,1.0,0.0,0.0,0.0,0.0,0.0,0.0,0.0,0.0,0.0,0.0,0.0,0.0,0.3333333333333333,0.577350269189627,0.14285714285714285,0.37796447300926106,0.5,1.6052797503622505,0.8666666666666667,2.0126039631889063,0.3333333333333333,0.5773502691896241,1.0,0,2024-09-28
2024,9,0,40,False,2,False,False,791,-0.9999907397361901,0.004303538296243821,0.0,1.0,28.467918,69.92388,2.63,3.82,0.0,15.131663,5.200001,19.9058728208184,False,False,False,False,1990.58728208184,0.11101230350666666,0.0,0.0,0.0,0.0,0.0,1.0,1,0.0,0.0,0.0,0.0,0.0,6.0,0.0,0.0,0.0,2.0,0.0,0.0,0.0,0.0,0.6666666666666666,0.5773502691896283,0.2857142857142857,0.4879500364742923,0.14285714285714285,0.36313651960129767,0.9,2.006025406378119,0.3333333333333333,0.5773502691896241,1.0,0,2024-09-30
2024,10,1,40,False,2,False,False,792,-0.9997685019798909,0.021516097436222233,0.7818314824680298,0.6234898018587336,28.407501,75.22582,5.52,8.46,0.0,7.601366,7.000000000000004,21.3697755687582,False,True,False,False,2136.97755687582,0.23888720000000005,5.52,0.0,0.0,0.0,0.0,3.0,3,0.25,1.0,1.0,1.0,0.0,0.0,0.0,1.0,0.0,0.0,0.0,0.0,0.0,0.0,1.3333333333333333,1.5275252316519485,0.7142857142857143,1.1126972805283843,0.35714285714285715,0.8418973861411025,1.0,2.0341905108624347,0.3333333333333333,0.5773502691896241,3.0,0,2024-10-01
2024,10,2,40,False,2,False,False,793,-0.9992500112396835,0.03872228089217399,0.9749279121818236,-0.22252093395631434,27.178335,85.94222,7.29,11.1,11.600001,4.6254573,9.2,23.357664458037,True,True,True,False,2335.7664458037,0.31840290000000004,0.0,0.0,0.0,0.0,0.0,2.0,2,0.0,0.0,3.0,0.0,0.0,0.0,1.0,0.0,0.0,0.0,0.0,0.0,0.0,0.0,2.0,1.0000000000000044,1.0,1.1547005383792615,0.5,0.9405399431259667,1.0666666666666667,2.033060090930258,0.3333333333333333,0.5773502691896241,2.0,0,2024-10-02
2024,10,0,41,False,2,False,False,798,-0.9922222094179324,0.12447926388678869,0.0,1.0,26.190832,88.34023,5.92,9.0,9.0,3.3948328,7.699999999999999,23.137041227713603,True,False,True,False,2313.7041227713603,0.24435786666666667,11.84,26.190832,0.0,4.0,1.0,18.0,7,0.10526315789473684,3.0,0.0,0.0,1.0,0.0,0.0,0.0,0.0,0.0,0.0,0.0,0.0,0.0,5.333333333333333,9.237604307034013,3.0,5.859465277082316,1.6428571428571428,4.235511827342766,1.6,3.3896393867805186,0.6666666666666666,1.1547005383792508,16.0,0,2024-10-07
2024,10,2,41,False,2,False,False,800,-0.9873494423939864,0.15855938510313475,0.9749279121818236,-0.22252093395631434,25.892914,90.20621,7.4,10.8,13.6,3.2379267,7.75,23.3570163779594,True,False,True,False,2335.70163779594,0.3098873432,0.0,25.892914,0.0,0.0,2.0,3.0,2,0.0,1.0,0.0,0.0,2.0,0.0,0.0,0.0,0.0,0.0,0.0,0.0,0.0,0.0,6.333333333333333,8.504900548115383,2.7142857142857144,5.964178784328031,1.8571428571428572,4.221868759705332,1.6333333333333333,3.39861364568609,0.6666666666666666,1.1547005383792508,3.0,0,2024-10-09
2024,10,0,42,False,2,False,False,805,-0.970063921851507,0.2428497220959358,0.0,1.0,26.013748,89.407906,5.27,7.81,4.1,4.229055,8.400001,23.25834735891688,False,False,True,False,2325.834735891688,0.22244670702666663,10.54,0.0,0.0,0.0,0.0,12.0,3,0.15384615384615385,2.0,0.0,0.0,16.0,1.0,0.0,0.0,2.0,0.0,0.0,0.0,1.0,0.0,4.0,6.928203230275509,2.142857142857143,4.488079449258575,2.5714285714285716,5.033950669271537,1.4666666666666666,3.692801322735278,0.6666666666666666,1.1547005383792508,12.0,0,2024-10-14
2024,10,1,42,False,2,False,False,806,-0.965739937654855,0.25951179706979943,0.7818314824680298,0.6234898018587336,26.805414,80.59258,8.91,13.58,0.2,5.427849,9.400002,21.6031747222812,False,False,True,False,2160.3174722281196,0.37846712375999997,17.82,26.805414,0.0,2.0,0.0,5.0,4,0.3333333333333333,3.0,12.0,0.0,0.0,3.0,2.0,0.0,0.0,1.0,0.0,0.0,0.0,0.0,5.666666666666667,6.027713773341708,2.857142857142857,4.488079449258575,2.7142857142857144,5.075257802145796,1.6333333333333333,3.7368928023281547,1.3333333333333333,1.154700538379251,5.0,0,2024-10-15
2024,10,2,42,False,2,False,False,807,-0.9611297838723007,0.27609697309746883,0.9749279121818236,-0.22252093395631434,26.472086,82.63775,9.08,14.08,1.0,4.36245,9.0,21.875936248465,False,False,True,False,2187.5936248465,0.37842413333333336,9.08,0.0,0.0,1.0,0.0,5.0,4,0.16666666666666666,1.0,5.0,0.0,3.0,2.0,2.0,0.0,0.0,0.0,1.0,0.0,1.0,0.0,7.333333333333333,4.041451884327381,3.142857142857143,4.5617456975947075,2.9285714285714284,5.106018857331863,1.6,3.7008852622228035,1.6666666666666667,0.5773502691896248,5.0,0,2024-10-16
2024,10,3,42,False,2,True,False,808,-0.9562348265919058,0.2926003356333479,0.43388373911755823,-0.900968867902419,26.711668,86.584564,12.32,18.3,6.3,5.154499,8.05,23.12818127492752,True,False,True,False,2312.818127492752,0.5192058666666667,0.0,26.711668,0.0,0.0,0.0,1.0,1,0.0,1.0,5.0,12.0,0.0,0.0,1.0,2.0,0.0,0.0,0.0,0.0,0.0,0.0,3.6666666666666665,2.3094010767585034,3.2857142857142856,4.461475305855891,3.0,5.068758002934023,1.6333333333333333,3.690466126370093,1.0,0.9999999999999992,1.0,0,2024-10-17
2024,10,4,42,False,2,True,False,809,-0.9510565162951536,0.30901699437494723,-0.433883739117558,-0.9009688679024191,26.707499,86.388756,11.24,17.17,10.9,4.901198,8.350000999999999,23.07227614481244,True,False,True,False,2307.227614481244,0.47818708165333335,11.24,0.0,0.0,0.0,0.0,1.0,1,0.5,1.0,1.0,5.0,0.0,0.0,0.0,2.0,0.0,0.0,1.0,1.0,0.0,0.0,2.3333333333333335,2.3094010767585034,3.4285714285714284,4.353433237386438,3.0714285714285716,5.030129004528394,1.6666666666666667,3.679705135613109,0.6666666666666666,0.5773502691896242,1.0,0,2024-10-18
2024,10,5,42,True,2,True,False,810,-0.9455963874271428,0.3253420847119795,-0.9749279121818236,-0.2225209339563146,26.269999,88.78939,5.86,8.7,21.199999,7.281135,6.849999,23.3249718651061,True,False,True,False,2332.49718651061,0.24031860000000002,0.0,0.0,0.0,0.0,0.0,3.0,3,0.0,0.0,1.0,5.0,0.0,0.0,1.0,1.0,0.0,0.0,0.0,0.0,0.0,0.0,1.6666666666666667,1.1547005383792521,3.857142857142857,4.09994192757944,3.2857142857142856,4.952521835133344,1.7666666666666666,3.6736088930165924,0.3333333333333333,0.577350269189624,3.0,0,2024-10-19
2024,10,0,43,False,2,True,False,812,-0.9338372288229252,0.35769823883312546,0.0,1.0,27.197084,78.14109,6.42,10.28,4.2999997,19.823421,5.700001,21.2520978858156,False,False,False,False,2125.20978858156,0.25814820856,6.42,54.394168,0.0,2.0,0.0,8.0,6,0.1111111111111111,3.0,0.0,1.0,12.0,16.0,0.0,1.0,2.0,2.0,0.0,0.0,0.0,1.0,3.6666666666666665,4.041451884327381,3.2857142857142856,2.870208222079933,2.7142857142857144,3.6674990730127615,2.033333333333333,3.8280573387170893,0.3333333333333333,0.577350269189624,8.0,0,2024-10-21
2024,10,1,43,False,2,True,False,813,-0.9275416835791965,0.3737197147904692,0.7818314824680298,0.6234898018587336,25.495,92.23789,5.38,8.91,45.900005,27.08895,4.600000000000001,23.5160500555,True,False,True,False,2351.60500555,0.20305913333333334,5.38,0.0,0.0,1.0,0.0,4.0,4,0.2,1.0,8.0,3.0,5.0,0.0,1.0,0.0,2.0,0.0,2.0,0.0,1.0,0.0,4.0,3.9999999999999996,3.142857142857143,2.79455252402309,3.0,3.5948681370916704,2.1666666666666665,3.8244524812852903,0.6666666666666666,0.5773502691896242,4.0,0,2024-10-22
2024,11,2,48,False,1,False,False,849,-0.5380051715382992,0.8429415373547832,0.9749279121818236,-0.22252093395631434,24.490835,89.07728,6.01,6.59,37.399994,13.288209,5.400000000000002,21.815769667288,True,False,True,False,2181.5769667288,0.2252347666666667,0.0,0.0,0.0,0.0,0.0,1.0,1,0.0,0.0,0.0,0.0,0.0,0.0,0.0,0.0,0.0,0.0,0.0,0.0,0.0,0.0,0.3333333333333333,0.5773502691896248,0.14285714285714285,0.3779644730092686,0.07142857142857142,0.2672612419124454,0.03333333333333333,0.1825741858350938,0.0,0.0,1.0,0,2024-11-27
2024,12,5,50,True,0,False,True,866,-0.27195815753410524,0.9623090774541487,-0.9749279121818236,-0.2225209339563146,23.653336,85.86733,11.92,13.71,5.5999994,14.411522,4.75,20.3104880791288,True,False,True,False,2031.0488079128797,0.42764988256,23.84,23.653336,0.0,4.0,1.0,8.0,5,0.2222222222222222,3.0,0.0,0.0,0.0,0.0,0.0,0.0,0.0,0.0,0.0,0.0,0.0,0.0,2.6666666666666665,4.618802153517006,1.1428571428571428,3.023715784073822,0.5714285714285714,2.138089935299398,0.3,1.465699785791408,0.6666666666666666,1.1547005383792506,8.0,0,2024-12-14
2025,5,1,20,False,1,True,False,1016,0.7526668275320085,-0.6584015846980488,0.7818314824680298,0.6234898018587336,26.545,85.618004,20.88,21.12,12.400001,3.7623727,8.750001999999995,22.7272991618,True,True,True,False,2272.72991618,0.8938728556799999,0.0,0.0,0.0,0.0,0.0,1.0,1,0.0,0.0,0.0,0.0,0.0,0.0,0.0,0.0,0.0,0.0,0.0,0.0,0.0,0.0,0.3333333333333333,0.5773502691896255,0.14285714285714285,0.3779644730092683,0.07142857142857142,0.2672612419124448,0.03333333333333333,0.18257418583509363,0.0,0.0,1.0,0,2025-05-13
2025,5,4,21,False,0,False,True,1026,0.6287628145958344,-0.7775971469736269,-0.433883739117558,-0.9009688679024191,28.328333,78.00873,29.23,30.14,7.299999,4.764158,10.200000999999997,22.0985728034709,True,True,False,True,2209.85728034709,1.3292830446133332,0.0,0.0,0.0,0.0,0.0,2.0,2,0.0,0.0,0.0,0.0,0.0,0.0,0.0,0.0,0.0,0.0,0.0,0.0,0.0,0.0,0.6666666666666666,1.1547005383792512,0.2857142857142857,0.7559289460184744,0.21428571428571427,0.5789342235218489,0.1,0.4025778999364662,0.0,0.0,2.0,0,2025-05-23
2025,5,0,22,False,0,False,True,1029,0.5877852522924732,-0.8090169943749473,0.0,1.0,27.028334,85.059845,35.68,37.65,3.3,4.303175,8.0,22.9902590064823,False,False,True,True,2299.02590064823,1.5060528475733332,35.68,0.0,0.0,0.0,0.0,4.0,3,0.2,1.0,0.0,2.0,0.0,0.0,0.0,0.0,0.0,0.0,0.0,0.0,0.0,0.0,1.3333333333333333,2.309401076758503,0.8571428571428571,1.5735915849388946,0.5,1.1602387022306475,0.23333333333333334,0.8172001541568853,0.3333333333333333,0.5773502691896237,4.0,0,2025-05-26
2025,6,0,23,False,0,False,True,1036,0.48627270710868997,-0.8738071036110808,0.0,1.0,28.390837,82.96526,22.93,23.91,14.400001,5.43766,10.200000999999997,23.5545317332262,True,True,True,False,2355.45317332262,1.0657100278133331,0.0,0.0,0.0,0.0,0.0,2.0,2,0.0,0.0,0.0,0.0,4.0,0.0,0.0,0.0,1.0,0.0,0.0,0.0,0.0,0.0,0.6666666666666666,1.154700538379251,0.2857142857142857,0.7559289460184746,0.5714285714285714,1.2224996910042576,0.3,0.8769067893689689,0.0,0.0,2.0,0,2025-06-02
2025,6,1,23,False,0,False,True,1037,0.4711595076738638,-0.8820480249558537,0.7818314824680298,0.6234898018587336,27.961668,85.12149,19.92,20.75,17.400002,4.2156415,8.95,23.8013884304532,True,True,True,False,2380.13884304532,0.8899592000000002,0.0,0.0,0.0,0.0,0.0,2.0,2,0.0,0.0,2.0,0.0,0.0,0.0,0.0,0.0,0.0,0.0,0.0,0.0,0.0,0.0,1.3333333333333333,1.1547005383792508,0.5714285714285714,0.9759000729485476,0.7142857142857143,1.2666473875533062,0.36666666666666664,0.9278574999588564,0.0,0.0,2.0,0,2025-06-03
2025,6,2,23,False,0,False,True,1038,0.4559066935084588,-0.8900275764346767,0.9749279121818236,-0.22252093395631434,27.401253,86.48587,26.85,28.35,18.8,3.5011237,8.3,23.698212047951102,True,True,True,True,2369.82120479511,1.1906185,0.0,0.0,0.0,0.0,0.0,1.0,1,0.0,0.0,2.0,0.0,0.0,0.0,0.0,0.0,0.0,0.0,0.0,0.0,0.0,0.0,1.6666666666666667,0.5773502691896243,0.7142857142857143,0.9511897312113562,0.7857142857142857,1.2513728724621118,0.4,0.9321831993988056,0.0,0.0,1.0,0,2025-06-04
2025,6,1,24,False,0,False,True,1044,0.36171373072976765,-0.9322892131745133,0.7818314824680298,0.6234898018587336,27.126251,87.63751,35.26,35.78,21.000004,3.9600513,7.549999999999997,23.772770932750102,True,True,True,True,2377.27709327501,1.507129933333333,0.0,0.0,0.0,0.0,0.0,1.0,1,0.0,0.0,0.0,0.0,2.0,0.0,0.0,0.0,0.0,0.0,0.0,0.0,0.0,0.0,0.3333333333333333,0.5773502691896243,0.2857142857142857,0.48795003647429785,0.42857142857142855,0.7559289460184617,0.43333333333333335,0.9352607356658222,0.0,0.0,1.0,0,2025-06-10
2025,7,2,27,False,0,False,True,1066,-0.008606996888688009,-0.9999629591162655,0.9749279121818236,-0.22252093395631434,25.511665,93.33811,31.99,32.63,13.0,3.6914492,3.049999,23.8121059405315,True,False,True,True,2381.21059405315,1.149827233333333,0.0,0.0,0.0,0.0,0.0,1.0,1,0.0,0.0,0.0,0.0,0.0,0.0,0.0,0.0,0.0,0.0,0.0,0.0,0.0,0.0,0.3333333333333333,0.5773502691896243,0.14285714285714285,0.377964473009269,0.07142857142857142,0.2672612419124448,0.16666666666666666,0.4611330373774294,0.0,0.0,1.0,0,2025-07-02
2025,7,0,28,False,0,False,True,1071,-0.09453674981719933,-0.9955213724144752,0.0,1.0,28.124168,83.826546,24.6,26.67,2.9999998,5.0825763,7.949999999999999,23.57551862563728,False,True,True,False,2357.551862563728,1.066246,0.0,0.0,0.0,0.0,0.0,2.0,2,0.0,0.0,0.0,0.0,0.0,0.0,0.0,0.0,0.0,0.0,0.0,0.0,0.0,0.0,0.6666666666666666,1.1547005383792508,0.42857142857142855,0.7867957924694619,0.21428571428571427,0.578934223521849,0.13333333333333333,0.43417248545532106,0.0,0.0,2.0,0,2025-07-07
