academic_period_encoded,is_exam_period,days_since_semester_start,sin_day,cos_day,sin_week,cos_week,temperature_2m_mean,pm2_5_mean,precipitation_sum,wind_speed_10m_mean,temperature_range,heat_humidity_index,pollution_respiratory_risk,temp_fever_risk,cold_weather_stress,respiratory_digestive_interaction,pain_fever_interaction,total_symptom_load,symptom_diversity,respiratory_dominance,visit_count_lag_1,visit_count_lag_3,visit_count_lag_7,visit_count_lag_14,respiratory_count_lag_1,respiratory_count_lag_3,respiratory_count_lag_7,respiratory_count_lag_14,fever_count_lag_1,fever_count_lag_3,fever_count_lag_7,fever_count_lag_14,visit_count_rolling_3d,visit_count_rolling_7d,visit_count_rolling_30d,respiratory_count_rolling_std_3d,target,date
2,False,50,-0.9829265519799822,-0.1839983516576798,0.7818314824680298,0.6234898018587336,25.515833,8.52,16.0,3.2727544,8.5,22.5419218385172,8.52,0.0,0.0,1.0,0.0,2.0,2,0.3333333333333333,0.0,0.0,0.0,0.0,0.0,0.0,0.0,0.0,0.0,0.0,0.0,0.0,0.6666666666666666,1.2857142857142858,1.2857142857142858,0.5773502691896258,respiratory,2022-09-20
2,False,51,-0.9859481499638304,-0.1670516255021195,0.9749279121818236,-0.2225209339563143,26.013754,5.9,2.3999999,4.138143,7.550000000000001,21.7558929824158,0.0,0.0,0.0,0.0,0.0,1.0,1,0.0,2.0,0.0,7.0,0.0,1.0,0.0,2.0,0.0,0.0,0.0,2.0,0.0,1.0,0.4285714285714285,1.25,0.5773502691896258,pain,2022-09-21
2,False,57,-0.9979171608653922,-0.0645084494493162,0.7818314824680298,0.6234898018587336,25.71167,9.64,36.700005,4.602945,8.149999999999999,23.139263697506003,0.0,0.0,0.0,0.0,0.0,1.0,1,0.0,0.0,0.0,2.0,0.0,0.0,0.0,1.0,0.0,0.0,0.0,0.0,0.0,0.3333333333333333,0.2857142857142857,0.7857142857142857,0.0,digestive,2022-09-27
2,False,58,-0.9988797155850336,-0.0473213883224323,0.9749279121818236,-0.2225209339563143,25.655416,7.53,4.9,5.0893073,9.3,22.6330848492032,22.59,0.0,0.0,6.0,0.0,5.0,2,0.5,1.0,0.0,1.0,7.0,0.0,0.0,0.0,2.0,0.0,0.0,0.0,2.0,1.6666666666666667,0.7142857142857143,1.0,1.7320508075688772,respiratory,2022-09-28
2,False,59,-0.9995462806873572,-0.0301203048469083,0.4338837391175582,-0.900968867902419,25.513748,6.14,13.400001,5.0754676,8.2,22.5307163030872,0.0,0.0,0.0,0.0,0.0,1.0,1,0.0,4.0,0.0,0.0,0.0,3.0,0.0,0.0,0.0,0.0,0.0,0.0,0.0,2.0,0.8571428571428571,1.0,1.7320508075688772,digestive,2022-09-29
2,False,63,-0.9992500112396836,0.0387222808921739,0.0,1.0,25.869997,7.2,18.9,4.767055,7.849999,23.056608956253,7.2,0.0,0.0,0.0,0.0,1.0,1,0.5,0.0,0.0,0.0,0.0,0.0,0.0,0.0,0.0,0.0,0.0,0.0,0.0,0.3333333333333333,1.0,0.85,0.5773502691896258,respiratory,2022-10-03
2,False,65,-0.9973249731081556,0.0730951298980777,0.9749279121818236,-0.2225209339563143,25.605417,5.25,4.8999996,4.3392215,8.25,23.0030795778309,5.25,0.0,0.0,0.0,0.0,1.0,1,0.5,0.0,0.0,4.0,1.0,0.0,0.0,3.0,0.0,0.0,0.0,0.0,0.0,0.6666666666666666,0.4285714285714285,0.8181818181818182,0.5773502691896258,respiratory,2022-10-05
2,False,66,-0.9959189961471792,0.0902516100310407,0.4338837391175582,-0.900968867902419,26.140837,5.6,1.7,5.110639,8.25,22.77520423625,0.0,0.0,0.0,0.0,0.0,1.0,1,0.0,1.0,1.0,1.0,0.0,1.0,1.0,0.0,0.0,0.0,0.0,0.0,0.0,0.6666666666666666,0.4285714285714285,0.8260869565217391,0.5773502691896257,pain,2022-10-06
2,False,70,-0.9873494423939864,0.1585593851031347,0.0,1.0,25.032503,6.39,10.5,16.458605,4.050000000000001,21.6198318790112,0.0,0.0,0.0,0.0,0.0,1.0,1,0.0,0.0,0.0,1.0,0.0,0.0,0.0,1.0,0.0,0.0,0.0,0.0,0.0,0.3333333333333333,0.4285714285714285,0.7407407407407407,0.0,pain,2022-10-10
2,False,71,-0.9844738167520924,0.1755314904214277,0.7818314824680298,0.6234898018587336,23.792915,4.39,100.7,8.300427,3.4500010000000003,22.881617804002,13.169999999999998,0.0,0.0,0.0,0.0,5.0,2,0.5,1.0,0.0,0.0,1.0,0.0,0.0,0.0,0.0,0.0,0.0,0.0,0.0,1.6666666666666667,1.0,0.8571428571428571,1.7320508075688772,respiratory,2022-10-11
2,False,73,-0.9778483415056568,0.2093146459630488,0.4338837391175582,-0.900968867902419,26.363752,5.78,2.2,9.033707,9.0,21.536957646956,5.78,52.727504,0.0,2.0,2.0,10.0,6,0.0909090909090909,0.0,1.0,1.0,1.0,0.0,0.0,0.0,0.0,0.0,0.0,0.0,0.0,3.6666666666666665,1.7142857142857142,1.0333333333333334,1.5275252316519468,other,2022-10-13
2,True,77,-0.9611297838723007,0.2760969730974688,0.0,1.0,25.855417,8.51,10.0,4.559009,8.099999,22.5339344671371,0.0,0.0,0.0,0.0,0.0,1.0,1,0.0,0.0,0.0,1.0,1.0,0.0,0.0,0.0,1.0,0.0,0.0,0.0,0.0,0.3333333333333333,1.7142857142857142,0.8333333333333334,0.0,digestive,2022-10-17
2,True,78,-0.9562348265919058,0.2926003356333479,0.7818314824680298,0.6234898018587336,25.005417,11.13,23.999998,4.470703,6.199999999999999,23.2595262823515,22.26,25.005417,0.0,4.0,3.0,13.0,7,0.1428571428571428,1.0,0.0,4.0,0.0,0.0,0.0,3.0,0.0,0.0,0.0,0.0,0.0,4.0,2.7142857142857144,1.2,1.1547005383792512,pain,2022-10-18
2,True,79,-0.9510565162951536,0.3090169943749472,0.9749279121818236,-0.2225209339563143,24.097086,7.39,65.00001,5.5111995,1.600000999999999,23.66179527461256,7.39,0.0,0.0,1.0,0.0,4.0,4,0.2,11.0,0.0,0.0,1.0,2.0,0.0,0.0,1.0,1.0,0.0,0.0,0.0,5.333333333333333,3.2857142857142856,1.3333333333333333,1.0,respiratory,2022-10-19
2,True,80,-0.9455963874271428,0.3253420847119795,0.4338837391175582,-0.900968867902419,24.7325,6.97,9.3,6.246584,4.149999999999999,22.614205893500003,0.0,0.0,0.0,0.0,0.0,3.0,3,0.0,4.0,1.0,7.0,1.0,1.0,0.0,1.0,0.0,0.0,0.0,2.0,0.0,5.666666666666667,2.571428571428572,1.3333333333333333,1.0,pain,2022-10-20
2,True,82,-0.9338372288229252,0.3576982388331254,-0.9749279121818236,-0.2225209339563146,25.636667,9.8,18.5,4.63919,8.150000000000002,23.340106169806297,9.8,25.636667,0.0,0.0,0.0,3.0,3,0.25,0.0,4.0,0.0,0.0,0.0,1.0,0.0,0.0,0.0,0.0,0.0,0.0,1.6666666666666667,3.0,1.4,0.5773502691896252,respiratory,2022-10-22
1,False,84,-0.9209712877166348,0.3896304495307877,0.0,1.0,24.667913,7.79,31.100002,11.052407,6.199999000000002,22.091744173758,0.0,0.0,0.0,0.0,0.0,5.0,5,0.0,0.0,0.0,1.0,1.0,0.0,0.0,0.0,0.0,0.0,0.0,0.0,0.0,2.333333333333333,3.4285714285714284,1.5333333333333334,0.5773502691896252,digestive,2022-10-24
1,False,85,-0.9141279881853336,0.4054257283599973,0.7818314824680298,0.6234898018587336,25.415838,6.36,1.3000001,10.653628,6.300000000000001,19.7421156129834,6.36,0.0,0.0,1.0,0.0,5.0,5,0.1666666666666666,4.0,3.0,11.0,4.0,0.0,1.0,2.0,3.0,0.0,1.0,1.0,0.0,2.6666666666666665,2.4285714285714284,1.6666666666666667,0.5773502691896252,respiratory,2022-10-25
1,False,86,-0.9070138128026362,0.4211008707960891,0.9749279121818236,-0.2225209339563143,25.786669,11.55,2.1,12.020535,6.899999999999999,19.6690035451034,23.1,25.786669,0.0,0.0,2.0,7.0,5,0.25,4.0,0.0,4.0,0.0,1.0,0.0,1.0,0.0,0.0,0.0,0.0,0.0,4.666666666666667,2.7142857142857144,1.8666666666666667,1.0,respiratory,2022-10-26
1,False,87,-0.8996308696522434,0.4366512319560638,0.4338837391175582,-0.900968867902419,24.622086,11.91,39.300003,12.849641,4.75,22.62715633299144,23.82,24.622086,0.0,4.0,2.0,9.0,5,0.2,6.0,4.0,2.0,7.0,2.0,0.0,0.0,1.0,1.0,0.0,0.0,2.0,5.666666666666667,3.4285714285714284,2.066666666666667,0.577350269189626,respiratory,2022-10-27
1,False,98,-0.801361088174677,0.5981809144059158,0.0,1.0,24.376251,6.82,3.0000002,4.8525543,4.5,22.48542518698164,20.46,24.376251,0.0,3.0,4.0,21.0,7,0.1363636363636363,0.0,0.0,0.0,4.0,0.0,0.0,0.0,0.0,0.0,0.0,0.0,0.0,6.333333333333333,2.7142857142857144,2.433333333333333,1.7320508075688772,other,2022-11-07
1,False,99,-0.7909456567567774,0.6118864012687242,0.7818314824680298,0.6234898018587336,25.12208,6.8,2.7,4.4702263,7.5,22.40610680912,20.4,25.12208,0.0,0.0,1.0,12.0,5,0.2307692307692307,19.0,0.0,0.0,4.0,3.0,0.0,0.0,1.0,1.0,0.0,0.0,0.0,10.0,4.285714285714286,2.8,1.7320508075688776,other,2022-11-08
1,False,100,-0.780295851070776,0.6254105729852457,0.9749279121818236,-0.2225209339563143,25.542917,11.05,10.3,5.2597337,9.05,22.5626690618163,22.1,0.0,0.0,0.0,0.0,7.0,4,0.25,11.0,0.0,0.0,6.0,3.0,0.0,0.0,2.0,1.0,0.0,0.0,1.0,12.0,5.142857142857143,2.966666666666667,0.5773502691896272,pain,2022-11-09
1,False,101,-0.7694148268839381,0.6387494220515268,0.4338837391175582,-0.900968867902419,25.792915,9.69,2.2,3.5729973,8.150000000000002,22.923855575724,19.38,0.0,0.0,4.0,0.0,8.0,5,0.2222222222222222,6.0,19.0,0.0,7.0,2.0,3.0,0.0,2.0,0.0,1.0,0.0,1.0,8.333333333333334,6.285714285714286,3.1,0.5773502691896266,respiratory,2022-11-10
1,False,103,-0.7469720876965551,0.6648553979642866,-0.9749279121818236,-0.2225209339563146,26.332504,8.3,3.3000002,4.6921144,8.150001,22.9291753200224,0.0,0.0,0.0,0.0,0.0,1.0,1,0.0,0.0,6.0,0.0,0.0,0.0,2.0,0.0,0.0,0.0,0.0,0.0,0.0,3.0,6.428571428571429,2.9,1.1547005383792504,neurological,2022-11-12
1,False,105,-0.7236440382959124,0.690173388242972,0.0,1.0,25.759584,6.48,5.6,5.7756553,6.899999999999999,22.4203407905376,12.96,51.519168,0.0,6.0,0.0,7.0,3,0.25,0.0,0.0,19.0,0.0,0.0,0.0,3.0,0.0,0.0,0.0,1.0,0.0,2.6666666666666665,4.714285714285714,3.1333333333333333,1.1547005383792504,digestive,2022-11-14
1,False,106,-0.711656622281775,0.7025274741691566,0.7818314824680298,0.6234898018587336,26.255419,6.8,0.9000001,7.9793897,7.949999999999999,21.4052318182529,6.8,26.255419,0.0,0.0,2.0,5.0,4,0.1666666666666666,7.0,1.0,11.0,0.0,2.0,0.0,3.0,0.0,2.0,0.0,1.0,0.0,3.6666666666666665,3.7142857142857135,3.2666666666666666,0.999999999999999,pain,2022-11-15
1,False,107,-0.6994583270516471,0.7146733860429608,0.9749279121818236,-0.2225209339563143,24.590834,8.33,8.2,5.2690306,5.799999,22.34729565362684,8.33,24.590834,0.0,0.0,0.0,4.0,4,0.2,4.0,0.0,6.0,0.0,1.0,0.0,2.0,0.0,1.0,0.0,0.0,0.0,5.0,3.4285714285714284,3.3666666666666667,0.5773502691896247,respiratory,2022-11-16
1,False,108,-0.6870527672236675,0.7266075247685652,0.4338837391175582,-0.900968867902419,25.236666,12.57,0.6,4.831716,8.0,22.1956426996668,37.71,0.0,0.0,6.0,0.0,8.0,4,0.3333333333333333,4.0,7.0,8.0,0.0,1.0,2.0,2.0,0.0,1.0,2.0,0.0,0.0,4.333333333333333,3.0,3.1666666666666665,1.1547005383792512,respiratory,2022-11-17
1,False,112,-0.6354323008901775,0.7721565844991641,0.0,1.0,26.022087,8.62,0.70000005,4.578083,8.5,22.23544762015668,0.0,0.0,0.0,0.0,0.0,5.0,3,0.0,0.0,0.0,7.0,19.0,0.0,0.0,2.0,3.0,0.0,0.0,2.0,1.0,1.6666666666666667,2.571428571428572,3.033333333333333,0.0,digestive,2022-11-21
1,False,113,-0.622046748440868,0.7829801036770624,0.7818314824680298,0.6234898018587336,25.515833,10.03,3.8,3.7741516,6.949999999999999,22.93704829107202,30.09,76.547499,0.0,3.0,12.0,21.0,6,0.1363636363636363,5.0,0.0,4.0,11.0,0.0,0.0,1.0,3.0,0.0,0.0,1.0,1.0,6.666666666666667,4.142857142857143,3.533333333333333,1.7320508075688767,other,2022-11-22
1,False,115,-0.594726686960764,0.8039279618328208,0.4338837391175582,-0.900968867902419,26.665833,8.35,0.1,3.752641,9.0,21.522633794292,8.35,26.665833,0.0,0.0,0.0,5.0,4,0.1666666666666666,0.0,5.0,5.0,8.0,0.0,0.0,3.0,2.0,0.0,0.0,0.0,0.0,6.0,3.2857142857142856,3.3666666666666667,1.5275252316519463,dermatological,2022-11-24
1,True,119,-0.5380051715382992,0.8429415373547832,0.0,1.0,26.503332,9.07,4.6,4.219612,8.100000000000001,22.6170993976758,0.0,0.0,0.0,0.0,0.0,2.0,2,0.0,0.0,0.0,5.0,7.0,0.0,0.0,0.0,2.0,0.0,0.0,0.0,2.0,0.6666666666666666,2.857142857142857,3.0,0.0,digestive,2022-11-28
1,True,120,-0.5234156073655503,0.8520775211013093,0.7818314824680298,0.6234898018587336,25.417917,12.26,13.900002,5.129789,8.25,22.90182408498285,0.0,0.0,0.0,0.0,0.0,3.0,3,0.0,2.0,0.0,15.0,4.0,0.0,0.0,3.0,1.0,0.0,0.0,3.0,1.0,1.3333333333333333,1.0,3.066666666666667,0.0,pain,2022-11-29
1,True,122,-0.4937755501599773,0.8695893893466109,0.4338837391175582,-0.900968867902419,26.280418,6.34,3.3000002,8.9332285,7.650000000000002,21.2852398197995,0.0,0.0,0.0,0.0,0.0,3.0,3,0.0,0.0,2.0,3.0,5.0,0.0,0.0,1.0,3.0,0.0,0.0,1.0,0.0,1.6666666666666667,1.0,3.1666666666666665,0.0,digestive,2022-12-01
1,True,124,-0.4635502709028512,0.8860706215341378,-0.9749279121818236,-0.2225209339563146,24.917917,8.75,6.4,5.256681,6.5,21.819564643115047,0.0,0.0,0.0,0.0,0.0,4.0,2,0.0,0.0,0.0,0.0,0.0,0.0,0.0,0.0,0.0,0.0,0.0,0.0,0.0,2.333333333333333,1.5714285714285714,3.3,0.0,pain,2022-12-03
0,False,127,-0.4171936026123169,0.9088176373395028,0.7818314824680298,0.6234898018587336,24.705416,5.01,9.0,8.738887,5.850000999999999,22.035859921412,0.0,24.705416,0.0,0.0,1.0,2.0,2,0.0,0.0,4.0,2.0,15.0,0.0,0.0,0.0,3.0,0.0,0.0,0.0,3.0,0.6666666666666666,1.2857142857142858,3.3666666666666667,0.0,pain,2022-12-06
0,False,128,-0.4014879892059737,0.9158642882672868,0.9749279121818236,-0.2225209339563143,24.57208,4.89,8.900002,7.531458,6.350000000000001,22.063656413656,9.78,24.57208,0.0,0.0,1.0,4.0,3,0.4,2.0,0.0,0.0,0.0,0.0,0.0,0.0,0.0,1.0,0.0,0.0,0.0,1.6666666666666667,1.7142857142857142,2.833333333333333,1.1547005383792504,respiratory,2022-12-07
0,False,135,-0.2884824328806098,0.9574851883550388,0.9749279121818236,-0.2225209339563143,24.217924,1.01,14.1,6.3403683,5.5,22.2161018854612,1.01,0.0,0.0,1.0,0.0,3.0,3,0.25,0.0,0.0,3.0,0.0,0.0,0.0,2.0,0.0,0.0,0.0,1.0,0.0,1.0,0.4285714285714285,1.8333333333333333,0.5773502691896226,respiratory,2022-12-14
0,False,155,0.0516196672232537,0.998666816288476,0.7818314824680298,0.6234898018587336,23.240831,4.46,9.700001,9.804533,5.850000999999999,20.1995033181766,13.38,23.240831,0.0,0.0,1.0,7.0,4,0.375,0.0,0.0,0.0,0.0,0.0,0.0,0.0,0.0,0.0,0.0,0.0,0.0,1.6666666666666667,0.7142857142857143,0.4333333333333333,1.7320508075688767,respiratory,2023-01-03
0,False,156,0.0688024268023198,0.9976303053065856,0.9749279121818236,-0.2225209339563143,22.409578,6.41,32.399998,12.260636,3.9499999999999993,21.2428255623878,12.82,22.409578,0.0,2.0,1.0,6.0,5,0.2857142857142857,5.0,0.0,0.0,0.0,3.0,0.0,0.0,0.0,1.0,0.0,0.0,0.0,3.333333333333333,1.4285714285714286,0.6,1.5275252316519468,respiratory,2023-01-04
3,False,166,0.2386727660059501,0.9711000518829505,-0.9749279121818236,-0.2225209339563146,24.186668,14.95,22.699999,6.1814423,6.75,21.8581400743024,0.0,0.0,0.0,0.0,0.0,1.0,1,0.0,0.0,0.0,0.0,0.0,0.0,0.0,0.0,0.0,0.0,0.0,0.0,0.0,0.3333333333333333,0.1428571428571428,0.3666666666666666,0.0,neurological,2023-01-14
3,False,168,0.2719581575341055,0.9623090774541486,0.0,1.0,23.06167,5.9,10.9,9.635894,5.300000000000001,20.9129048937842,5.9,23.06167,0.0,1.0,0.0,4.0,4,0.2,0.0,0.0,0.0,0.0,0.0,0.0,0.0,0.0,0.0,0.0,0.0,0.0,1.6666666666666667,0.7142857142857143,0.5,0.5773502691896226,respiratory,2023-01-16
3,False,169,0.288482432880609,0.9574851883550392,0.7818314824680298,0.6234898018587336,22.80542,8.33,10.3,9.597411,3.8000000000000007,20.4887314093,16.66,22.80542,0.0,2.0,0.0,5.0,4,0.3333333333333333,4.0,1.0,0.0,5.0,1.0,0.0,0.0,3.0,1.0,0.0,0.0,1.0,3.0,1.4285714285714286,0.6666666666666666,0.9999999999999992,respiratory,2023-01-17
3,False,182,0.4937755501599771,0.869589389346611,0.0,1.0,21.776253,9.42,0.5,10.15578,6.550000000000001,16.6231901740896,0.0,21.776253,0.0,0.0,0.0,1.0,1,0.0,0.0,0.0,0.0,4.0,0.0,0.0,0.0,1.0,0.0,0.0,0.0,1.0,0.3333333333333333,0.1428571428571428,0.7,0.0,fever,2023-01-30
2,False,227,0.9611297838723007,0.2760969730974688,0.4338837391175582,-0.900968867902419,24.984581,11.16,0.1,6.842486,10.5,18.5720509328305,22.32,0.0,0.0,2.0,0.0,6.0,5,0.2857142857142857,0.0,0.0,0.0,0.0,0.0,0.0,0.0,0.0,0.0,0.0,0.0,0.0,2.0,0.8571428571428571,0.2,1.15470053837925,respiratory,2023-03-16
2,True,238,0.995918996147179,0.0902516100310411,0.0,1.0,26.653336,12.07,0.8,6.164803,9.900001999999995,20.1072580210648,0.0,0.0,0.0,0.0,0.0,7.0,4,0.0,0.0,0.0,0.0,0.0,0.0,0.0,0.0,0.0,0.0,0.0,0.0,0.0,2.333333333333333,1.0,0.4333333333333333,0.0,pain,2023-03-27
2,True,239,0.9973249731081556,0.0730951298980777,0.7818314824680298,0.6234898018587336,26.688751,14.0,1.9000001,4.610869,9.800000999999998,20.8894962488329,0.0,0.0,0.0,0.0,0.0,4.0,3,0.0,7.0,0.0,0.0,0.0,0.0,0.0,0.0,0.0,0.0,0.0,0.0,0.0,3.6666666666666665,1.5714285714285714,0.5666666666666667,0.0,pain,2023-03-28
2,True,240,0.9984354211555644,0.0559169901006034,0.9749279121818236,-0.2225209339563143,27.688751,14.28,0.6,4.631265,10.800001999999996,20.1325877627285,14.28,0.0,0.0,0.0,0.0,13.0,4,0.0714285714285714,4.0,0.0,0.0,0.0,0.0,0.0,0.0,0.0,0.0,0.0,0.0,0.0,8.0,3.4285714285714284,1.0,0.5773502691896222,other,2023-03-29
2,True,241,0.9992500112396836,0.0387222808921744,0.4338837391175582,-0.900968867902419,26.83042,11.6,8.500001,3.998105,9.9,21.301355955231,0.0,0.0,0.0,0.0,0.0,4.0,3,0.0,13.0,7.0,0.0,6.0,1.0,0.0,0.0,2.0,0.0,0.0,0.0,0.0,7.0,4.0,1.1333333333333333,0.5773502691896222,other,2023-03-30
1,False,254,0.9829265519799822,-0.18399835165768,0.9749279121818236,-0.2225209339563143,26.280418,17.93,13.9,5.9413013,7.699999000000002,23.2682813208255,0.0,0.0,0.0,0.0,0.0,1.0,1,0.0,0.0,0.0,0.0,13.0,0.0,0.0,0.0,1.0,0.0,0.0,0.0,0.0,0.3333333333333333,0.1428571428571428,1.1666666666666667,0.0,pain,2023-04-12
1,False,259,0.9634705485641488,-0.2678143051621742,0.0,1.0,26.774164,17.89,3.3,4.1158533,9.849999999999998,22.5469866974372,0.0,0.0,0.0,0.0,0.0,1.0,1,0.0,0.0,0.0,0.0,0.0,0.0,0.0,0.0,0.0,0.0,0.0,0.0,0.0,0.3333333333333333,0.2857142857142857,1.0,0.0,pain,2023-04-17
1,False,266,0.9242907221930932,-0.3816892202666588,0.0,1.0,27.230415,11.6,0.70000005,7.64078,8.549999,19.1770823937045,0.0,0.0,0.0,0.0,0.0,1.0,1,0.0,0.0,0.0,1.0,0.0,0.0,0.0,0.0,0.0,0.0,0.0,0.0,0.0,0.3333333333333333,0.1428571428571428,1.0333333333333334,0.0,digestive,2023-04-24
1,False,267,0.9175836260593936,-0.3975428142825559,0.7818314824680298,0.6234898018587336,27.309586,12.4,5.1,7.188601,8.700000000000003,21.02801663702689,24.8,0.0,0.0,0.0,0.0,3.0,2,0.5,1.0,0.0,0.0,0.0,0.0,0.0,0.0,0.0,0.0,0.0,0.0,0.0,1.3333333333333333,0.5714285714285714,1.1333333333333333,1.1547005383792504,respiratory,2023-04-25
1,False,268,0.9106046300942162,-0.4132786077829042,0.9749279121818236,-0.2225209339563143,27.686668,10.73,0.6,8.630758,9.950000999999997,20.0690301518168,10.73,0.0,0.0,0.0,0.0,2.0,2,0.3333333333333333,3.0,0.0,0.0,1.0,2.0,0.0,0.0,0.0,0.0,0.0,0.0,0.0,2.0,0.8571428571428571,0.9666666666666668,0.999999999999999,respiratory,2023-04-26
1,False,269,0.9033558023246844,-0.4288919379124835,0.4338837391175582,-0.900968867902419,28.497084,9.59,0.4,6.4511495,8.599999999999998,19.222739358992403,0.0,0.0,0.0,0.0,0.0,1.0,1,0.0,2.0,1.0,0.0,0.0,1.0,0.0,0.0,0.0,0.0,0.0,0.0,0.0,2.0,1.0,0.8666666666666667,0.999999999999999,dermatological,2023-04-27
1,False,274,0.8631421280499114,-0.5049610547215204,0.7818314824680298,0.6234898018587336,28.809586,9.14,0.2,8.489608,10.4,19.41090914942504,9.14,0.0,0.0,1.0,0.0,4.0,4,0.2,0.0,0.0,3.0,0.0,0.0,0.0,2.0,0.0,0.0,0.0,0.0,0.0,1.3333333333333333,1.0,0.4333333333333333,0.5773502691896221,respiratory,2023-05-02
1,False,275,0.854322169749827,-0.5197438121555155,0.9749279121818236,-0.2225209339563143,28.878334,10.05,1.0,5.910433,9.650001999999995,20.22264654448036,0.0,0.0,0.0,0.0,0.0,2.0,1,0.0,4.0,0.0,2.0,0.0,1.0,0.0,1.0,0.0,0.0,0.0,0.0,0.0,1.6666666666666667,0.8571428571428571,0.4666666666666667,0.5773502691896221,pain,2023-05-03
0,False,520,0.0516196672232537,0.998666816288476,0.9749279121818236,-0.2225209339563143,23.524168,5.36,13.0,9.478257,5.100000000000001,21.024237023514,10.72,0.0,0.0,0.0,0.0,3.0,2,0.5,0.0,0.0,0.0,0.0,0.0,0.0,0.0,0.0,0.0,0.0,0.0,0.0,0.3333333333333333,0.1428571428571428,0.0333333333333333,1.15470053837925,respiratory,2024-01-03
0,False,522,0.0859647987374464,0.9962981749346078,-0.433883739117558,-0.9009688679024191,24.282503,9.31,2.3000002,4.501679,6.349999,20.1655551678686,18.62,0.0,0.0,0.0,0.0,2.0,1,0.6666666666666666,0.0,0.0,0.0,0.0,0.0,0.0,0.0,0.0,0.0,0.0,0.0,0.0,0.6666666666666666,0.2857142857142857,0.0666666666666666,1.154700538379251,respiratory,2024-01-05
0,False,525,0.1372787721132647,0.9905324521322229,0.0,1.0,25.490831,12.06,0.0,4.3378177,6.400001,21.6043943933329,36.18,0.0,0.0,6.0,0.0,23.0,6,0.125,0.0,1.0,0.0,0.0,0.0,2.0,0.0,0.0,0.0,0.0,0.0,0.0,6.666666666666667,3.142857142857143,0.7333333333333333,1.7320508075688767,other,2024-01-08
3,False,526,0.1543088206642811,0.9880226656636976,0.7818314824680298,0.6234898018587336,24.382502,8.25,3.6999998,9.477528,7.0,20.40860183673672,33.0,48.765004,0.0,4.0,2.0,13.0,7,0.2857142857142857,20.0,0.0,0.0,0.0,3.0,0.0,0.0,0.0,0.0,0.0,0.0,0.0,9.666666666666666,4.428571428571429,1.0333333333333334,2.081665999466133,respiratory,2024-01-09
3,False,527,0.1712931441814776,0.9852201067560606,0.9749279121818236,-0.2225209339563143,22.353333,7.53,16.2,7.476484,4.799999,19.9895485072488,30.12,44.706666,0.0,4.0,2.0,12.0,6,0.3076923076923077,9.0,0.0,1.0,0.0,4.0,0.0,2.0,0.0,2.0,0.0,0.0,0.0,13.0,5.714285714285714,1.3666666666666667,0.5773502691896284,respiratory,2024-01-10
3,False,528,0.1882267098432442,0.9821256058680006,0.4338837391175582,-0.900968867902419,22.522085,10.01,1.1,7.2283883,6.350000000000001,18.41957798513775,30.03,22.522085,0.0,9.0,3.0,22.0,5,0.1304347826086956,10.0,20.0,0.0,0.0,4.0,3.0,0.0,0.0,2.0,0.0,0.0,0.0,11.333333333333334,7.857142857142857,1.8666666666666667,0.5773502691896284,other,2024-01-11
3,False,532,0.255353295116187,0.9668478136052776,0.0,1.0,21.95542,10.79,1.9,10.721097,6.300000999999998,17.545456534342,10.79,0.0,0.0,0.0,0.0,1.0,1,0.5,0.0,0.0,20.0,0.0,0.0,0.0,3.0,0.0,0.0,0.0,0.0,0.0,0.3333333333333333,5.0,1.9,0.5773502691896262,respiratory,2024-01-15
3,False,533,0.2719581575341055,0.9623090774541486,0.7818314824680298,0.6234898018587336,21.634588,10.65,1.3000001,7.59129,7.599999,17.72085555007568,31.950000000000003,21.634588,0.0,0.0,1.0,11.0,6,0.25,1.0,0.0,9.0,0.0,1.0,0.0,4.0,0.0,0.0,0.0,2.0,0.0,3.6666666666666665,5.142857142857143,2.2333333333333334,1.527525231651947,other,2024-01-16
3,False,534,0.288482432880609,0.9574851883550392,0.9749279121818236,-0.2225209339563143,22.407501,13.42,1.9000001,4.3871436,8.8,19.076738013855,40.26,44.815002,0.0,0.0,2.0,21.0,6,0.1363636363636363,10.0,0.0,10.0,1.0,3.0,0.0,4.0,2.0,1.0,0.0,2.0,0.0,8.333333333333334,5.714285714285714,2.7,1.1547005383792524,other,2024-01-17
3,False,535,0.304921224656289,0.9523775757303974,0.4338837391175582,-0.900968867902419,24.324165,10.63,0.2,6.691217,8.049999,19.623996867384,31.89,24.324165,0.0,3.0,3.0,18.0,7,0.1578947368421052,14.0,1.0,15.0,0.0,3.0,1.0,3.0,0.0,2.0,0.0,1.0,0.0,12.333333333333334,5.428571428571429,3.1333333333333333,0.0,other,2024-01-18
3,False,539,0.3697245428906731,0.9291414114031744,0.0,1.0,23.188751,6.85,1.5000001,14.171604,5.700001,19.6333983625527,13.7,46.377502,0.0,0.0,4.0,15.0,6,0.125,0.0,0.0,1.0,20.0,0.0,0.0,1.0,3.0,0.0,0.0,0.0,0.0,3.6666666666666665,6.857142857142857,3.5,1.1547005383792508,other,2024-01-22
3,False,540,0.385663406243607,0.9226395488404876,0.7818314824680298,0.6234898018587336,21.961668,4.39,3.8999999,11.516173,4.0,17.7533138813364,13.169999999999998,0.0,0.0,0.0,0.0,7.0,4,0.375,11.0,0.0,10.0,9.0,2.0,0.0,3.0,4.0,2.0,0.0,1.0,2.0,5.666666666666667,6.285714285714286,3.7,1.5275252316519463,respiratory,2024-01-23
3,False,542,0.4171936026123168,0.9088176373395028,0.4338837391175582,-0.900968867902419,21.555418,7.71,1.3000001,7.2491474,6.199999999999999,16.326306391714397,7.71,0.0,0.0,2.0,0.0,12.0,4,0.0769230769230769,0.0,11.0,13.0,15.0,0.0,2.0,3.0,3.0,0.0,2.0,1.0,1.0,5.666666666666667,4.0,4.066666666666666,1.5275252316519463,other,2024-01-25
3,False,546,0.4787338401157884,0.8779600847008882,0.0,1.0,22.1825,10.8,0.90000004,5.1691856,9.25,17.7237873318,43.2,44.365,0.0,8.0,2.0,14.0,7,0.2666666666666666,0.0,0.0,11.0,1.0,0.0,0.0,2.0,1.0,0.0,0.0,2.0,0.0,4.333333333333333,4.285714285714286,4.5,2.309401076758503,respiratory,2024-01-29
3,False,547,0.4937755501599771,0.869589389346611,0.7818314824680298,0.6234898018587336,23.403336,12.16,1.0,6.397754,9.0,18.5464487009208,12.16,0.0,0.0,2.0,0.0,6.0,4,0.1428571428571428,13.0,0.0,6.0,10.0,4.0,0.0,3.0,3.0,2.0,0.0,0.0,1.0,6.333333333333333,4.285714285714286,4.7,2.0816659994661326,digestive,2024-01-30
3,False,548,0.5086709438521044,0.8609610158889943,0.9749279121818236,-0.2225209339563143,24.199165,11.36,0.4,5.558288,10.25,18.973152045264,11.36,0.0,0.0,0.0,0.0,1.0,1,0.5,6.0,0.0,0.0,14.0,1.0,0.0,0.0,3.0,0.0,0.0,0.0,2.0,6.666666666666667,4.428571428571429,4.733333333333333,1.7320508075688772,respiratory,2024-01-31
3,False,554,0.5947266869607634,0.8039279618328213,0.7818314824680298,0.6234898018587336,24.317915,7.92,0.0,4.7115417,11.349999999999998,18.7973908216495,15.84,0.0,0.0,0.0,0.0,10.0,3,0.1818181818181818,0.0,0.0,6.0,6.0,0.0,0.0,1.0,3.0,0.0,0.0,0.0,0.0,3.0,1.4285714285714286,4.966666666666667,1.1547005383792517,other,2024-02-06
2,False,582,0.8996308696522433,0.436651231956064,0.7818314824680298,0.6234898018587336,26.678331,5.8,0.0,4.9451222,10.65,19.9687494283317,23.2,26.678331,0.0,0.0,1.0,8.0,5,0.4444444444444444,0.0,0.0,0.0,0.0,0.0,0.0,0.0,0.0,0.0,0.0,0.0,0.0,1.0,0.4285714285714285,0.4,2.309401076758504,respiratory,2024-03-05
2,False,583,0.907013812802636,0.4211008707960896,0.9749279121818236,-0.2225209339563143,26.753334,8.55,0.1,7.847294,8.55,19.7930608858902,17.1,0.0,0.0,0.0,0.0,3.0,2,0.5,3.0,0.0,0.0,0.0,4.0,0.0,0.0,0.0,1.0,0.0,0.0,0.0,1.6666666666666667,0.7142857142857143,0.4666666666666667,2.0,respiratory,2024-03-06
2,False,589,0.9455963874271426,0.3253420847119801,0.7818314824680298,0.6234898018587336,23.161667,13.69,5.1999993,8.838479,3.2,19.673897484972105,0.0,0.0,0.0,0.0,0.0,1.0,1,0.0,0.0,0.0,3.0,0.0,0.0,0.0,4.0,0.0,0.0,0.0,1.0,0.0,0.3333333333333333,0.4285714285714285,0.2,0.0,neurological,2024-03-12
2,False,597,0.9813064702716092,0.1924515819708299,0.9749279121818236,-0.2225209339563143,23.795004,10.29,1.7000002,9.1870985,7.699999000000002,18.4893986451144,0.0,0.0,0.0,0.0,0.0,1.0,1,0.0,0.0,0.0,0.0,2.0,0.0,0.0,0.0,2.0,0.0,0.0,0.0,0.0,0.3333333333333333,0.1428571428571428,0.2333333333333333,0.0,pain,2024-03-20
2,False,598,0.9844738167520922,0.1755314904214282,0.4338837391175582,-0.900968867902419,25.53042,14.18,0.1,6.8621945,9.950001,17.939850836825997,0.0,0.0,0.0,0.0,0.0,2.0,2,0.0,1.0,0.0,0.0,0.0,0.0,0.0,0.0,0.0,0.0,0.0,0.0,0.0,1.0,0.4285714285714285,0.3,0.0,dermatological,2024-03-21
1,False,631,0.9242907221930932,-0.3816892202666588,0.7818314824680298,0.6234898018587336,28.972086,8.44,13.9,4.2623944,12.05,21.99714784729176,0.0,0.0,0.0,0.0,0.0,1.0,1,0.0,0.0,0.0,0.0,0.0,0.0,0.0,0.0,0.0,0.0,0.0,0.0,0.0,0.3333333333333333,0.1428571428571428,0.0333333333333333,0.0,pain,2024-04-23
1,False,632,0.9175836260593936,-0.3975428142825559,0.9749279121818236,-0.2225209339563143,29.786667,10.82,0.1,5.72756,12.849999,21.5120053740675,10.82,0.0,0.0,0.0,0.0,3.0,3,0.25,1.0,0.0,0.0,0.0,0.0,0.0,0.0,0.0,0.0,0.0,0.0,0.0,1.3333333333333333,0.5714285714285714,0.1333333333333333,0.5773502691896245,respiratory,2024-04-24
1,False,633,0.9106046300942162,-0.4132786077829042,0.4338837391175582,-0.900968867902419,30.199167,9.02,0.0,6.765623,12.599999999999998,20.67265374298128,0.0,0.0,0.0,0.0,0.0,1.0,1,0.0,3.0,0.0,0.0,0.0,1.0,0.0,0.0,0.0,0.0,0.0,0.0,0.0,1.6666666666666667,0.7142857142857143,0.1666666666666666,0.5773502691896245,pain,2024-04-25
1,False,643,0.8263541987239096,-0.5631507242749186,-0.7818314824680299,0.6234898018587334,31.420004,5.55,0.0,7.9727254,12.049999999999995,18.28147922416816,0.0,0.0,0.0,0.0,0.0,1.0,1,0.0,0.0,0.0,0.0,0.0,0.0,0.0,0.0,0.0,0.0,0.0,0.0,0.0,0.3333333333333333,0.1428571428571428,0.2,0.0,pain,2024-05-05
1,True,647,0.7856498550787147,-0.6186714032625031,0.4338837391175582,-0.900968867902419,28.242918,7.21,1.5,7.354786,9.849999999999998,20.8146521108988,7.21,0.0,0.0,0.0,0.0,2.0,2,0.3333333333333333,0.0,0.0,0.0,1.0,0.0,0.0,0.0,0.0,0.0,0.0,0.0,0.0,0.6666666666666666,0.4285714285714285,0.2666666666666666,0.5773502691896245,respiratory,2024-05-09
1,True,648,0.7748840413670407,-0.6321034111873487,-0.433883739117558,-0.9009688679024191,27.23667,6.82,24.5,3.9683235,7.599999999999998,22.655925129390003,6.82,0.0,0.0,0.0,0.0,2.0,2,0.3333333333333333,2.0,0.0,0.0,0.0,1.0,0.0,0.0,0.0,0.0,0.0,0.0,0.0,1.0,0.5714285714285714,0.3,0.5773502691896248,respiratory,2024-05-10
1,True,651,0.7412220108485958,-0.6712599575675313,0.0,1.0,27.890833,10.53,7.4999995,4.7468653,8.450000999999997,23.04154730058056,10.53,27.890833,0.0,0.0,0.0,3.0,3,0.25,0.0,1.0,0.0,0.0,0.0,1.0,0.0,0.0,0.0,0.0,0.0,0.0,1.0,0.8571428571428571,0.4,0.5773502691896245,respiratory,2024-05-13
0,False,659,0.6420547132365637,-0.766658819300159,0.7818314824680298,0.6234898018587336,28.651253,9.73,2.8,4.5126114,10.35,22.9405196335436,0.0,0.0,0.0,0.0,0.0,1.0,1,0.0,0.0,0.0,0.0,0.0,0.0,0.0,0.0,0.0,0.0,0.0,0.0,0.0,0.3333333333333333,0.1428571428571428,0.4333333333333333,0.0,dermatological,2024-05-21
0,False,660,0.6287628145958344,-0.7775971469736269,0.9749279121818236,-0.2225209339563143,29.922081,7.3,0.1,5.9004045,9.900001999999995,21.259898872604698,21.9,0.0,0.0,0.0,0.0,3.0,1,0.75,1.0,0.0,0.0,0.0,0.0,0.0,0.0,0.0,0.0,0.0,0.0,0.0,1.0,0.4285714285714285,0.5,1.7320508075688772,respiratory,2024-05-22
0,False,662,0.6016240632249226,-0.7987793728863649,-0.433883739117558,-0.9009688679024191,29.565832,8.77,1.5,6.9083915,9.000000000000004,22.07907327108112,0.0,29.565832,0.0,0.0,1.0,2.0,2,0.0,0.0,1.0,0.0,1.0,0.0,0.0,0.0,1.0,0.0,0.0,0.0,0.0,1.3333333333333333,0.7142857142857143,0.4333333333333333,1.732050807568877,pain,2024-05-24
0,False,665,0.5595892624101765,-0.8287700871745038,0.0,1.0,28.055414,8.09,0.2,4.6480327,9.35,23.292264005029,16.18,28.055414,0.0,2.0,0.0,10.0,6,0.1818181818181818,0.0,2.0,0.0,3.0,0.0,0.0,0.0,1.0,0.0,1.0,0.0,1.0,2.333333333333333,1.7142857142857142,0.6333333333333333,1.1547005383792508,dermatological,2024-05-27
0,False,666,0.545240438540651,-0.8382797052177744,0.7818314824680298,0.6234898018587336,28.324167,12.92,23.500002,4.9393487,9.650000000000002,24.4467358233684,12.92,28.324167,0.0,0.0,1.0,5.0,5,0.1666666666666666,7.0,0.0,1.0,0.0,2.0,0.0,0.0,0.0,1.0,0.0,0.0,0.0,3.333333333333333,2.0,0.7333333333333333,0.9999999999999992,respiratory,2024-05-28
0,False,667,0.5307300481619334,-0.8475409228928311,0.9749279121818236,-0.2225209339563143,29.36583,10.82,1.3000001,7.584341,8.949999999999996,22.390558526934,10.82,0.0,0.0,2.0,0.0,3.0,2,0.25,3.0,0.0,2.0,0.0,1.0,0.0,3.0,0.0,1.0,0.0,0.0,0.0,4.0,2.0,0.8,0.5773502691896248,digestive,2024-05-29
0,False,668,0.5160623910158528,-0.8565509959010036,0.4338837391175582,-0.900968867902419,30.038752,10.68,0.6,5.9892635,8.599999999999998,21.7294684682624,10.68,30.038752,0.0,3.0,1.0,8.0,6,0.1111111111111111,2.0,7.0,0.0,0.0,1.0,2.0,0.0,0.0,0.0,1.0,0.0,0.0,4.333333333333333,3.142857142857143,1.0666666666666669,0.0,digestive,2024-05-30
0,False,669,0.5012418134457758,-0.865307254363206,-0.433883739117558,-0.9009688679024191,29.905416,11.51,3.0999997,5.460756,10.250001999999997,22.2358999275144,0.0,0.0,0.0,0.0,0.0,1.0,1,0.0,8.0,3.0,2.0,0.0,1.0,1.0,0.0,0.0,1.0,1.0,1.0,0.0,3.6666666666666665,3.0,1.1,0.5773502691896243,pain,2024-05-31
0,False,672,0.4559066935084588,-0.8900275764346767,0.0,1.0,27.242918,9.73,21.500002,3.8527873,5.350000000000001,24.3544767218828,19.46,0.0,0.0,4.0,0.0,9.0,5,0.2,0.0,1.0,7.0,0.0,0.0,0.0,2.0,0.0,0.0,0.0,1.0,0.0,2.6666666666666665,3.142857142857143,1.3666666666666667,1.1547005383792508,pain,2024-06-03
0,False,673,0.440518784350495,-0.8977433935342337,0.7818314824680298,0.6234898018587336,27.101244,12.03,19.100002,2.7603638,7.450000000000003,24.20570210297496,12.03,27.101244,0.0,0.0,2.0,6.0,5,0.1428571428571428,8.0,0.0,3.0,1.0,2.0,0.0,1.0,0.0,0.0,0.0,1.0,0.0,4.666666666666667,3.571428571428572,1.5333333333333334,0.9999999999999992,pain,2024-06-04
0,False,674,0.4250003399695541,-0.9051931898913974,0.9749279121818236,-0.2225209339563143,27.140837,10.04,5.8999996,4.2693653,9.000000000000004,23.2243816518956,10.04,0.0,0.0,2.0,0.0,12.0,5,0.0769230769230769,6.0,0.0,2.0,2.0,1.0,0.0,1.0,3.0,1.0,0.0,0.0,0.0,8.0,4.714285714285714,1.8666666666666667,0.5773502691896247,other,2024-06-05
0,False,676,0.3935902766564667,-0.9192859697186104,-0.433883739117558,-0.9009688679024191,27.028336,8.68,7.4,3.3838727,8.299999000000003,23.5850989749504,0.0,0.0,0.0,0.0,0.0,1.0,1,0.0,0.0,6.0,1.0,2.0,0.0,1.0,0.0,0.0,0.0,1.0,0.0,1.0,3.6666666666666665,3.571428571428572,1.9,0.5773502691896237,digestive,2024-06-07
0,False,679,0.3456123126707335,-0.938377391740864,0.0,1.0,28.24292,14.21,0.6,3.9629428,9.9,23.434938500836004,0.0,0.0,0.0,0.0,0.0,10.0,5,0.0,0.0,1.0,8.0,7.0,0.0,0.0,2.0,2.0,0.0,0.0,0.0,1.0,2.6666666666666665,3.571428571428572,2.066666666666667,0.0,pain,2024-06-10
0,False,680,0.3294084822245304,-0.9441875088341992,0.7818314824680298,0.6234898018587336,28.91375,14.44,14.3,4.303613,9.699999999999996,23.696362119250004,0.0,0.0,0.0,0.0,0.0,1.0,1,0.0,8.0,0.0,6.0,3.0,0.0,0.0,1.0,1.0,0.0,0.0,1.0,1.0,3.0,2.857142857142857,2.1,0.0,cardiovascular,2024-06-11
0,False,681,0.3131070409358269,-0.9497178427914316,0.9749279121818236,-0.2225209339563143,28.447083,9.83,2.0,3.644396,10.799999999999995,23.498436975444896,0.0,0.0,0.0,0.0,0.0,1.0,1,0.0,1.0,0.0,10.0,2.0,0.0,0.0,1.0,1.0,0.0,0.0,0.0,0.0,3.333333333333333,1.5714285714285714,2.033333333333333,0.0,pain,2024-06-12
0,False,682,0.2967128192734907,-0.9549667548552552,0.4338837391175582,-0.900968867902419,28.995003,16.82,6.5,5.025356,10.050001999999996,23.5709628792957,16.82,0.0,0.0,1.0,0.0,7.0,4,0.125,1.0,8.0,0.0,8.0,0.0,0.0,0.0,1.0,0.0,0.0,0.0,1.0,3.0,2.571428571428572,2.2666666666666666,0.5773502691896237,other,2024-06-13
0,False,687,0.2135209154397961,-0.9769384927771816,0.7818314824680298,0.6234898018587336,27.063751,7.33,16.7,4.7898855,8.649999999999999,23.7366741835652,14.66,27.063751,0.0,0.0,1.0,4.0,3,0.4,0.0,0.0,1.0,6.0,0.0,0.0,0.0,1.0,0.0,0.0,0.0,1.0,1.0,1.5714285714285714,2.3666666666666667,1.1547005383792506,respiratory,2024-06-18
0,False,689,0.1797665857255624,-0.9837092937736096,0.4338837391175582,-0.900968867902419,29.222082,8.22,2.5,4.6468973,8.649999999999999,22.707101808812883,0.0,58.444164,0.0,0.0,0.0,4.0,3,0.0,0.0,0.0,7.0,0.0,0.0,0.0,1.0,0.0,0.0,0.0,0.0,0.0,1.6666666666666667,0.7142857142857143,2.4,1.1547005383792506,fever,2024-06-20
3,False,737,-0.6016240632249227,-0.7987793728863648,0.9749279121818236,-0.2225209339563143,27.888748,7.18,14.4,3.793994,8.2,23.908287397452803,7.18,0.0,0.0,0.0,0.0,2.0,2,0.3333333333333333,0.0,0.0,0.0,0.0,0.0,0.0,0.0,0.0,0.0,0.0,0.0,0.0,0.3333333333333333,0.1428571428571428,0.0333333333333333,0.5773502691896237,respiratory,2024-08-07
3,False,742,-0.6680638642135333,-0.7441039398713608,0.0,1.0,27.682508,9.71,16.6,4.26152,9.249999,23.8533223126492,9.71,0.0,0.0,0.0,0.0,5.0,5,0.1666666666666666,0.0,0.0,0.0,0.0,0.0,0.0,0.0,0.0,0.0,0.0,0.0,0.0,1.6666666666666667,0.8571428571428571,0.2,0.5773502691896237,respiratory,2024-08-12
3,False,743,-0.6807734094770159,-0.7324940716135792,0.7818314824680298,0.6234898018587336,27.734583,6.36,19.699997,3.6546488,9.449999999999996,23.956608611781306,6.36,0.0,0.0,1.0,0.0,4.0,4,0.2,5.0,0.0,0.0,0.0,1.0,0.0,0.0,0.0,0.0,0.0,0.0,0.0,3.0,1.4285714285714286,0.3333333333333333,0.5773502691896241,respiratory,2024-08-13
3,False,744,-0.6932812268869771,-0.7206671495538615,0.9749279121818236,-0.2225209339563143,27.661667,7.8,36.8,4.74301,9.099999,24.1126059697325,7.8,27.661667,0.0,1.0,0.0,7.0,6,0.125,4.0,0.0,1.0,0.0,1.0,0.0,1.0,0.0,0.0,0.0,0.0,0.0,4.666666666666667,2.0,0.5,0.0,dermatological,2024-08-14
3,False,745,-0.7055836101071774,-0.70862667826446,0.4338837391175582,-0.900968867902419,27.572083,5.62,10.4,4.1428065,9.95,23.908414899292,11.24,27.572083,0.0,2.0,0.0,7.0,5,0.25,5.0,5.0,0.0,0.0,1.0,1.0,0.0,0.0,1.0,0.0,0.0,0.0,4.666666666666667,2.7142857142857144,0.6666666666666666,0.5773502691896247,respiratory,2024-08-15
3,False,749,-0.7526668275320083,-0.6584015846980489,0.0,1.0,27.617918,19.15,17.4,4.6527934,9.7,23.4411484082921,38.3,0.0,0.0,6.0,0.0,10.0,5,0.1818181818181818,0.0,0.0,5.0,0.0,0.0,0.0,1.0,0.0,0.0,0.0,0.0,0.0,2.6666666666666665,3.142857142857143,0.9333333333333332,1.1547005383792508,digestive,2024-08-19
3,False,750,-0.7638886127905429,-0.64534811322955,0.7818314824680298,0.6234898018587336,27.184586,11.7,14.3,4.941117,9.7,23.3120248305802,23.4,0.0,0.0,8.0,0.0,13.0,5,0.1428571428571428,8.0,0.0,4.0,0.0,2.0,0.0,1.0,0.0,0.0,0.0,0.0,0.0,6.333333333333333,4.142857142857143,1.3,1.154700538379251,other,2024-08-20
3,False,751,-0.7748840413670406,-0.6321034111873488,0.9749279121818236,-0.2225209339563143,27.644999,7.89,1.4,5.231808,9.1,23.01804307712045,7.89,27.644999,0.0,0.0,0.0,4.0,3,0.2,11.0,0.0,5.0,1.0,2.0,0.0,1.0,1.0,0.0,0.0,1.0,0.0,7.666666666666667,4.0,1.4333333333333331,0.5773502691896248,dermatological,2024-08-21
3,False,752,-0.7856498550787144,-0.6186714032625032,0.4338837391175582,-0.900968867902419,27.06375,6.48,5.9,4.744692,8.849999999999998,23.147660557875,0.0,0.0,0.0,0.0,0.0,3.0,1,0.0,4.0,8.0,5.0,0.0,1.0,2.0,2.0,0.0,1.0,0.0,1.0,0.0,5.666666666666667,3.571428571428572,1.5,0.9999999999999992,pain,2024-08-22
3,False,755,-0.8165380514459157,-0.5772916165517278,-0.7818314824680299,0.6234898018587334,26.605417,8.99,13.3,4.1264424,9.099999999999998,22.97944852413355,17.98,26.605417,0.0,0.0,0.0,67.0,3,0.0294117647058823,0.0,2.0,0.0,0.0,0.0,0.0,0.0,0.0,0.0,0.0,0.0,0.0,11.333333333333334,8.428571428571429,2.6333333333333333,1.1547005383792508,other,2024-08-25
3,False,758,-0.8452490573530634,-0.5343725582809785,0.9749279121818236,-0.2225209339563143,27.078337,12.15,7.2,3.8444731,8.299999999999997,23.988105732719703,0.0,0.0,0.0,0.0,0.0,2.0,2,0.0,0.0,34.0,4.0,5.0,0.0,2.0,1.0,1.0,0.0,1.0,1.0,1.0,0.6666666666666666,5.428571428571429,2.7,0.0,pain,2024-08-28
3,True,770,-0.9368813462954316,-0.3496474552512282,0.0,1.0,26.686668,10.4,10.8,3.9962113,9.999999999999996,22.8345862448736,10.4,0.0,0.0,0.0,0.0,2.0,2,0.3333333333333333,0.0,0.0,0.0,0.0,0.0,0.0,0.0,0.0,0.0,0.0,0.0,0.0,0.6666666666666666,0.2857142857142857,2.7333333333333334,0.5773502691896241,respiratory,2024-09-09
3,True,772,-0.9483615800121716,-0.3171912885891059,0.9749279121818236,-0.2225209339563143,26.209585,5.62,22.2,5.1954017,6.650000000000002,23.9287509055035,11.24,0.0,0.0,4.0,0.0,5.0,3,0.3333333333333333,0.0,0.0,0.0,2.0,0.0,0.0,0.0,0.0,0.0,0.0,0.0,0.0,2.333333333333333,1.0,2.7333333333333334,0.9999999999999992,respiratory,2024-09-11
2,False,773,-0.9536809966304456,-0.300819807635668,0.4338837391175582,-0.900968867902419,25.734587,6.6,20.500002,4.38577,6.75,23.7476066704365,13.2,25.734587,0.0,0.0,2.0,7.0,4,0.25,5.0,2.0,0.0,0.0,2.0,1.0,0.0,0.0,0.0,0.0,0.0,0.0,4.0,2.0,2.833333333333333,1.154700538379251,respiratory,2024-09-12
2,False,774,-0.9587178169872964,-0.2843591872810036,-0.433883739117558,-0.9009688679024191,25.974167,5.32,29.099998,4.408542,7.349999999999998,24.0443019764002,5.32,25.974167,0.0,1.0,0.0,5.0,5,0.1666666666666666,7.0,0.0,0.0,0.0,2.0,0.0,0.0,0.0,1.0,0.0,0.0,0.0,5.666666666666667,2.7142857142857144,2.833333333333333,0.5773502691896248,respiratory,2024-09-13
2,False,777,-0.9721181966290612,-0.2344913895704105,0.0,1.0,24.859589,9.72,38.0,3.5161178,2.0,24.381956744625203,19.44,0.0,0.0,0.0,0.0,7.0,3,0.25,0.0,5.0,2.0,0.0,0.0,1.0,1.0,0.0,0.0,1.0,0.0,0.0,2.0,3.2857142857142856,2.8666666666666667,1.1547005383792508,pain,2024-09-16
2,False,789,-0.9995462806873572,-0.0301203048469083,-0.9749279121818236,-0.2225209339563146,26.401253,11.45,14.000001,5.378718,4.899999999999999,23.823244568058403,11.45,0.0,0.0,0.0,0.0,1.0,1,0.5,0.0,0.0,0.0,0.0,0.0,0.0,0.0,0.0,0.0,0.0,0.0,0.0,0.3333333333333333,0.1428571428571428,0.8666666666666667,0.5773502691896241,respiratory,2024-09-28
2,False,791,-0.99999073973619,0.0043035382962438,0.0,1.0,28.467918,2.63,0.0,15.131663,5.200001,19.9058728208184,0.0,0.0,0.0,0.0,0.0,1.0,1,0.0,0.0,0.0,0.0,6.0,0.0,0.0,0.0,2.0,0.0,0.0,0.0,0.0,0.6666666666666666,0.2857142857142857,0.9,0.5773502691896241,pain,2024-09-30
2,False,792,-0.9997685019798908,0.0215160974362222,0.7818314824680298,0.6234898018587336,28.407501,5.52,0.0,7.601366,7.000000000000004,21.3697755687582,5.52,0.0,0.0,0.0,0.0,3.0,3,0.25,1.0,1.0,0.0,0.0,0.0,1.0,0.0,0.0,0.0,0.0,0.0,0.0,1.3333333333333333,0.7142857142857143,1.0,0.5773502691896241,respiratory,2024-10-01
2,False,793,-0.9992500112396836,0.0387222808921739,0.9749279121818236,-0.2225209339563143,27.178335,7.29,11.600001,4.6254573,9.2,23.357664458037,0.0,0.0,0.0,0.0,0.0,2.0,2,0.0,3.0,0.0,0.0,0.0,1.0,0.0,0.0,0.0,0.0,0.0,0.0,0.0,2.0,1.0,1.0666666666666669,0.5773502691896241,pain,2024-10-02
2,False,798,-0.9922222094179324,0.1244792638867886,0.0,1.0,26.190832,5.92,9.0,3.3948328,7.699999999999999,23.137041227713603,11.84,26.190832,0.0,4.0,1.0,18.0,7,0.1052631578947368,0.0,0.0,1.0,0.0,0.0,0.0,0.0,0.0,0.0,0.0,0.0,0.0,5.333333333333333,3.0,1.6,1.1547005383792508,other,2024-10-07
2,False,800,-0.9873494423939864,0.1585593851031347,0.9749279121818236,-0.2225209339563143,25.892914,7.4,13.6,3.2379267,7.75,23.3570163779594,0.0,25.892914,0.0,0.0,2.0,3.0,2,0.0,0.0,0.0,2.0,0.0,0.0,0.0,0.0,0.0,0.0,0.0,0.0,0.0,6.333333333333333,2.7142857142857144,1.6333333333333333,1.1547005383792508,pain,2024-10-09
2,False,805,-0.970063921851507,0.2428497220959358,0.0,1.0,26.013748,5.27,4.1,4.229055,8.400001,23.25834735891688,10.54,0.0,0.0,0.0,0.0,12.0,3,0.1538461538461538,0.0,0.0,16.0,1.0,0.0,0.0,2.0,0.0,0.0,0.0,1.0,0.0,4.0,2.142857142857143,1.4666666666666666,1.1547005383792508,other,2024-10-14
2,False,806,-0.965739937654855,0.2595117970697994,0.7818314824680298,0.6234898018587336,26.805414,8.91,0.2,5.427849,9.400002,21.6031747222812,17.82,26.805414,0.0,2.0,0.0,5.0,4,0.3333333333333333,12.0,0.0,0.0,3.0,2.0,0.0,0.0,1.0,0.0,0.0,0.0,0.0,5.666666666666667,2.857142857142857,1.6333333333333333,1.154700538379251,respiratory,2024-10-15
2,False,807,-0.9611297838723007,0.2760969730974688,0.9749279121818236,-0.2225209339563143,26.472086,9.08,1.0,4.36245,9.0,21.875936248465,9.08,0.0,0.0,1.0,0.0,5.0,4,0.1666666666666666,5.0,0.0,3.0,2.0,2.0,0.0,0.0,0.0,1.0,0.0,1.0,0.0,7.333333333333333,3.142857142857143,1.6,0.5773502691896248,other,2024-10-16
2,True,808,-0.9562348265919058,0.2926003356333479,0.4338837391175582,-0.900968867902419,26.711668,12.32,6.3,5.154499,8.05,23.12818127492752,0.0,26.711668,0.0,0.0,0.0,1.0,1,0.0,5.0,12.0,0.0,0.0,1.0,2.0,0.0,0.0,0.0,0.0,0.0,0.0,3.6666666666666665,3.2857142857142856,1.6333333333333333,0.9999999999999992,fever,2024-10-17
2,True,809,-0.9510565162951536,0.3090169943749472,-0.433883739117558,-0.9009688679024191,26.707499,11.24,10.9,4.901198,8.350000999999999,23.07227614481244,11.24,0.0,0.0,0.0,0.0,1.0,1,0.5,1.0,5.0,0.0,0.0,0.0,2.0,0.0,0.0,1.0,1.0,0.0,0.0,2.333333333333333,3.4285714285714284,1.6666666666666667,0.5773502691896242,respiratory,2024-10-18
2,True,810,-0.9455963874271428,0.3253420847119795,-0.9749279121818236,-0.2225209339563146,26.269999,5.86,21.199999,7.281135,6.849999,23.3249718651061,0.0,0.0,0.0,0.0,0.0,3.0,3,0.0,1.0,5.0,0.0,0.0,1.0,1.0,0.0,0.0,0.0,0.0,0.0,0.0,1.6666666666666667,3.857142857142857,1.7666666666666666,0.577350269189624,digestive,2024-10-19
2,True,812,-0.9338372288229252,0.3576982388331254,0.0,1.0,27.197084,6.42,4.2999997,19.823421,5.700001,21.2520978858156,6.42,54.394168,0.0,2.0,0.0,8.0,6,0.1111111111111111,0.0,1.0,12.0,16.0,0.0,1.0,2.0,2.0,0.0,0.0,0.0,1.0,3.6666666666666665,3.2857142857142856,2.033333333333333,0.577350269189624,digestive,2024-10-21
2,True,813,-0.9275416835791964,0.3737197147904692,0.7818314824680298,0.6234898018587336,25.495,5.38,45.900005,27.08895,4.600000000000001,23.5160500555,5.38,0.0,0.0,1.0,0.0,4.0,4,0.2,8.0,3.0,5.0,0.0,1.0,0.0,2.0,0.0,2.0,0.0,1.0,0.0,4.0,3.142857142857143,2.1666666666666665,0.5773502691896242,respiratory,2024-10-22
1,False,849,-0.5380051715382992,0.8429415373547832,0.9749279121818236,-0.2225209339563143,24.490835,6.01,37.399994,13.288209,5.400000000000002,21.815769667288,0.0,0.0,0.0,0.0,0.0,1.0,1,0.0,0.0,0.0,0.0,0.0,0.0,0.0,0.0,0.0,0.0,0.0,0.0,0.0,0.3333333333333333,0.1428571428571428,0.0333333333333333,0.0,digestive,2024-11-27
0,False,866,-0.2719581575341052,0.9623090774541488,-0.9749279121818236,-0.2225209339563146,23.653336,11.92,5.5999994,14.411522,4.75,20.3104880791288,23.84,23.653336,0.0,4.0,1.0,8.0,5,0.2222222222222222,0.0,0.0,0.0,0.0,0.0,0.0,0.0,0.0,0.0,0.0,0.0,0.0,2.6666666666666665,1.1428571428571428,0.3,1.1547005383792506,respiratory,2024-12-14
1,True,1016,0.7526668275320085,-0.6584015846980488,0.7818314824680298,0.6234898018587336,26.545,20.88,12.400001,3.7623727,8.750001999999995,22.7272991618,0.0,0.0,0.0,0.0,0.0,1.0,1,0.0,0.0,0.0,0.0,0.0,0.0,0.0,0.0,0.0,0.0,0.0,0.0,0.0,0.3333333333333333,0.1428571428571428,0.0333333333333333,0.0,digestive,2025-05-13
0,False,1026,0.6287628145958344,-0.7775971469736269,-0.433883739117558,-0.9009688679024191,28.328333,29.23,7.299999,4.764158,10.200000999999997,22.0985728034709,0.0,0.0,0.0,0.0,0.0,2.0,2,0.0,0.0,0.0,0.0,0.0,0.0,0.0,0.0,0.0,0.0,0.0,0.0,0.0,0.6666666666666666,0.2857142857142857,0.1,0.0,digestive,2025-05-23
0,False,1029,0.5877852522924732,-0.8090169943749473,0.0,1.0,27.028334,35.68,3.3,4.303175,8.0,22.9902590064823,35.68,0.0,0.0,0.0,0.0,4.0,3,0.2,0.0,2.0,0.0,0.0,0.0,0.0,0.0,0.0,0.0,0.0,0.0,0.0,1.3333333333333333,0.8571428571428571,0.2333333333333333,0.5773502691896237,pain,2025-05-26
0,False,1036,0.4862727071086899,-0.8738071036110808,0.0,1.0,28.390837,22.93,14.400001,5.43766,10.200000999999997,23.5545317332262,0.0,0.0,0.0,0.0,0.0,2.0,2,0.0,0.0,0.0,4.0,0.0,0.0,0.0,1.0,0.0,0.0,0.0,0.0,0.0,0.6666666666666666,0.2857142857142857,0.3,0.0,pain,2025-06-02
0,False,1037,0.4711595076738638,-0.8820480249558537,0.7818314824680298,0.6234898018587336,27.961668,19.92,17.400002,4.2156415,8.95,23.8013884304532,0.0,0.0,0.0,0.0,0.0,2.0,2,0.0,2.0,0.0,0.0,0.0,0.0,0.0,0.0,0.0,0.0,0.0,0.0,0.0,1.3333333333333333,0.5714285714285714,0.3666666666666666,0.0,pain,2025-06-03
0,False,1038,0.4559066935084588,-0.8900275764346767,0.9749279121818236,-0.2225209339563143,27.401253,26.85,18.8,3.5011237,8.3,23.698212047951102,0.0,0.0,0.0,0.0,0.0,1.0,1,0.0,2.0,0.0,0.0,0.0,0.0,0.0,0.0,0.0,0.0,0.0,0.0,0.0,1.6666666666666667,0.7142857142857143,0.4,0.0,neurological,2025-06-04
0,False,1044,0.3617137307297676,-0.9322892131745132,0.7818314824680298,0.6234898018587336,27.126251,35.26,21.000004,3.9600513,7.549999999999997,23.772770932750102,0.0,0.0,0.0,0.0,0.0,1.0,1,0.0,0.0,0.0,2.0,0.0,0.0,0.0,0.0,0.0,0.0,0.0,0.0,0.0,0.3333333333333333,0.2857142857142857,0.4333333333333333,0.0,pain,2025-06-10
0,False,1066,-0.008606996888688,-0.9999629591162656,0.9749279121818236,-0.2225209339563143,25.511665,31.99,13.0,3.6914492,3.049999,23.8121059405315,0.0,0.0,0.0,0.0,0.0,1.0,1,0.0,0.0,0.0,0.0,0.0,0.0,0.0,0.0,0.0,0.0,0.0,0.0,0.0,0.3333333333333333,0.1428571428571428,0.1666666666666666,0.0,digestive,2025-07-02
0,False,1071,-0.0945367498171993,-0.9955213724144752,0.0,1.0,28.124168,24.6,2.9999998,5.0825763,7.949999999999999,23.57551862563728,0.0,0.0,0.0,0.0,0.0,2.0,2,0.0,0.0,0.0,0.0,0.0,0.0,0.0,0.0,0.0,0.0,0.0,0.0,0.0,0.6666666666666666,0.4285714285714285,0.1333333333333333,0.0,dermatological,2025-07-07
