dow,visits_lag1,visits_lag7,visits_rollmean7,resp_lag1,resp_rollmean7,digest_lag1,digest_rollmean7,temp,humidity,rainfall,pm2_5,visit_count
2,2.0,7.0,0.42857142857142855,1.0,0.14285714285714285,1.0,0.14285714285714285,26.013754,83.63227,2.3999999,5.9,1.0
3,1.0,0.0,0.42857142857142855,0.0,0.14285714285714285,0.0,0.14285714285714285,26.661667,76.58078,0.90000004,7.89,0.0
4,0.0,0.0,0.42857142857142855,0.0,0.14285714285714285,0.0,0.14285714285714285,25.669998,83.12995,9.2,8.72,0.0
5,0.0,0.0,0.42857142857142855,0.0,0.14285714285714285,0.0,0.14285714285714285,24.701248,94.538536,57.8,9.4,0.0
6,0.0,0.0,0.42857142857142855,0.0,0.14285714285714285,0.0,0.14285714285714285,25.317917,92.19126,17.8,3.81,0.0
0,0.0,0.0,0.42857142857142855,0.0,0.14285714285714285,0.0,0.14285714285714285,25.936666,89.490395,14.0,6.57,0.0
1,0.0,2.0,0.2857142857142857,0.0,0.0,0.0,0.14285714285714285,25.71167,89.99518,36.700005,9.64,1.0
2,1.0,1.0,0.7142857142857143,0.0,0.42857142857142855,1.0,0.42857142857142855,25.655416,88.21952,4.9,7.53,4.0
3,4.0,0.0,0.8571428571428571,3.0,0.42857142857142855,2.0,0.5714285714285714,25.513748,88.30814,13.400001,6.14,1.0
4,1.0,0.0,0.8571428571428571,0.0,0.42857142857142855,1.0,0.5714285714285714,26.12208,87.15748,3.9,5.1,0.0
5,0.0,0.0,0.8571428571428571,0.0,0.42857142857142855,0.0,0.5714285714285714,25.43875,90.25179,19.199999,4.46,0.0
6,0.0,0.0,0.8571428571428571,0.0,0.42857142857142855,0.0,0.5714285714285714,25.436666,91.210976,24.7,7.25,0.0
0,0.0,0.0,1.0,0.0,0.5714285714285714,0.0,0.5714285714285714,25.869997,89.1249,18.9,7.2,1.0
1,1.0,1.0,0.8571428571428571,1.0,0.5714285714285714,0.0,0.42857142857142855,25.978338,86.58665,13.999999,5.91,0.0
2,0.0,4.0,0.42857142857142855,0.0,0.2857142857142857,0.0,0.14285714285714285,25.605417,89.83677,4.8999996,5.25,1.0
3,1.0,1.0,0.42857142857142855,1.0,0.2857142857142857,0.0,0.0,26.140837,87.125,1.7,5.6,1.0
4,1.0,0.0,0.42857142857142855,0.0,0.2857142857142857,0.0,0.0,25.801252,88.669624,8.5,5.9,0.0
5,0.0,0.0,0.42857142857142855,0.0,0.2857142857142857,0.0,0.0,25.140833,89.29645,6.0,4.44,0.0
6,0.0,0.0,0.42857142857142855,0.0,0.2857142857142857,0.0,0.0,24.930418,88.43987,12.099999,9.53,0.0
0,0.0,1.0,0.42857142857142855,0.0,0.14285714285714285,0.0,0.0,25.032503,86.36704,10.5,6.39,1.0
1,1.0,0.0,1.0,0.0,0.5714285714285714,0.0,0.0,23.792915,96.16988,100.7,4.39,4.0
2,4.0,1.0,0.8571428571428571,3.0,0.42857142857142855,0.0,0.0,25.02833,90.71958,38.4,4.62,0.0
3,0.0,1.0,1.7142857142857142,0.0,0.7142857142857143,0.0,0.2857142857142857,26.363752,81.69155,2.2,5.78,7.0
4,7.0,0.0,1.7142857142857142,2.0,0.7142857142857143,2.0,0.2857142857142857,25.126245,89.86974,15.9,6.44,0.0
5,0.0,0.0,1.7142857142857142,0.0,0.7142857142857143,0.0,0.2857142857142857,26.749166,79.09739,0.70000005,6.9,0.0
6,0.0,0.0,1.7142857142857142,0.0,0.7142857142857143,0.0,0.2857142857142857,26.826254,77.770775,0.70000005,5.47,0.0
0,0.0,1.0,1.7142857142857142,0.0,0.7142857142857143,0.0,0.42857142857142855,25.855417,87.15363,10.0,8.51,1.0
1,1.0,4.0,2.7142857142857144,0.0,0.7142857142857143,1.0,0.7142857142857143,25.005417,93.01795,23.999998,11.13,11.0
2,11.0,0.0,3.2857142857142856,3.0,0.8571428571428571,2.0,0.8571428571428571,24.097086,98.193596,65.00001,7.39,4.0
3,4.0,7.0,2.5714285714285716,1.0,0.5714285714285714,1.0,0.5714285714285714,24.7325,91.43518,9.3,6.97,2.0
4,2.0,0.0,2.5714285714285716,0.0,0.5714285714285714,0.0,0.5714285714285714,26.351252,88.30016,31.4,6.62,0.0
5,0.0,0.0,3.0,0.0,0.8571428571428571,0.0,0.5714285714285714,25.636667,91.04189,18.5,9.8,3.0
6,3.0,0.0,3.0,2.0,0.8571428571428571,0.0,0.5714285714285714,25.282501,90.388695,16.6,12.37,0.0
0,0.0,1.0,3.4285714285714284,0.0,0.8571428571428571,0.0,0.5714285714285714,24.667913,89.5566,31.100002,7.79,4.0
1,4.0,11.0,2.4285714285714284,0.0,0.5714285714285714,1.0,0.42857142857142855,25.415838,77.67643,1.3000001,6.36,4.0
2,4.0,4.0,2.7142857142857144,1.0,0.8571428571428571,1.0,0.2857142857142857,25.786669,76.27586,2.1,11.55,6.0
3,6.0,2.0,3.4285714285714284,3.0,1.2857142857142858,0.0,0.5714285714285714,24.622086,91.897804,39.300003,11.91,7.0
4,7.0,0.0,3.4285714285714284,3.0,1.2857142857142858,2.0,0.5714285714285714,23.905418,98.06335,83.299995,4.43,0.0
5,0.0,3.0,3.0,0.0,1.0,0.0,0.5714285714285714,25.23667,95.45644,44.100002,2.76,0.0
6,0.0,0.0,3.0,0.0,1.0,0.0,0.5714285714285714,27.005419,82.82149,4.2999997,4.49,0.0
0,0.0,4.0,2.4285714285714284,0.0,1.0,0.0,0.42857142857142855,27.942917,75.735054,1.3,3.82,0.0
1,0.0,4.0,1.8571428571428572,0.0,0.8571428571428571,0.0,0.2857142857142857,26.38875,83.30581,1.5,8.72,0.0
2,0.0,6.0,1.0,0.0,0.42857142857142855,0.0,0.2857142857142857,25.784586,87.76702,33.9,14.6,0.0
3,0.0,7.0,0.0,0.0,0.0,0.0,0.0,25.251251,89.53898,15.1,15.5,0.0
4,0.0,0.0,0.0,0.0,0.0,0.0,0.0,25.101252,89.82421,2.6,7.41,0.0
5,0.0,0.0,0.0,0.0,0.0,0.0,0.0,25.28042,89.09214,12.099999,7.65,0.0
6,0.0,0.0,0.0,0.0,0.0,0.0,0.0,24.830416,90.975075,23.5,8.7,0.0
0,0.0,0.0,2.7142857142857144,0.0,0.5714285714285714,0.0,0.14285714285714285,24.376251,92.243164,3.0000002,6.82,19.0
1,19.0,0.0,4.285714285714286,4.0,1.0,1.0,0.14285714285714285,25.12208,89.1889,2.7,6.8,11.0
2,11.0,0.0,5.142857142857143,3.0,1.2857142857142858,0.0,0.14285714285714285,25.542917,88.33239,10.3,11.05,6.0
3,6.0,0.0,6.285714285714286,2.0,1.5714285714285714,0.0,0.42857142857142855,25.792915,88.87656,2.2,9.69,8.0
4,8.0,0.0,6.285714285714286,2.0,1.5714285714285714,2.0,0.42857142857142855,25.847082,89.92689,4.1000004,7.76,0.0
5,0.0,0.0,6.428571428571429,0.0,1.5714285714285714,0.0,0.42857142857142855,26.332504,87.07556,3.3000002,8.3,1.0
6,1.0,0.0,6.428571428571429,0.0,1.5714285714285714,0.0,0.42857142857142855,26.051249,84.708374,2.6000001,8.55,0.0
0,0.0,19.0,4.714285714285714,0.0,1.4285714285714286,0.0,0.7142857142857143,25.759584,87.03689,5.6,6.48,7.0
1,7.0,11.0,3.7142857142857144,3.0,1.2857142857142858,3.0,0.7142857142857143,26.255419,81.52691,0.9000001,6.8,4.0
2,4.0,6.0,3.4285714285714284,2.0,1.2857142857142858,0.0,0.7142857142857143,24.590834,90.876526,8.2,8.33,4.0
3,4.0,8.0,3.0,2.0,1.4285714285714286,0.0,0.7142857142857143,25.236666,87.94998,0.6,12.57,5.0
4,5.0,0.0,3.0,3.0,1.4285714285714286,2.0,0.7142857142857143,24.90125,89.97769,18.2,8.3,0.0
5,0.0,1.0,2.857142857142857,0.0,1.4285714285714286,0.0,0.7142857142857143,24.224167,94.357414,9.400001,11.3,0.0
6,0.0,0.0,2.857142857142857,0.0,1.4285714285714286,0.0,0.7142857142857143,23.890837,96.28863,14.200001,6.57,0.0
0,0.0,7.0,2.5714285714285716,0.0,1.0,0.0,0.5714285714285714,26.022087,85.448364,0.70000005,8.62,5.0
1,5.0,4.0,4.142857142857143,0.0,1.2857142857142858,2.0,0.7142857142857143,25.515833,89.893394,3.8,10.03,15.0
2,15.0,4.0,3.5714285714285716,4.0,1.0,1.0,0.7142857142857143,26.917913,83.795944,0.2,8.62,0.0
3,0.0,5.0,3.2857142857142856,0.0,0.8571428571428571,0.0,0.42857142857142855,26.665833,80.7124,0.1,8.35,3.0
4,3.0,0.0,3.2857142857142856,2.0,0.8571428571428571,0.0,0.42857142857142855,25.747086,73.0917,0.0,10.3,0.0
5,0.0,0.0,3.2857142857142856,0.0,0.8571428571428571,0.0,0.42857142857142855,25.87625,78.52967,0.0,9.83,0.0
6,0.0,0.0,3.2857142857142856,0.0,0.8571428571428571,0.0,0.42857142857142855,26.213747,78.359505,0.0,9.93,0.0
0,0.0,5.0,2.857142857142857,0.0,0.8571428571428571,0.0,0.2857142857142857,26.503332,85.336815,4.6,9.07,2.0
1,2.0,15.0,1.0,0.0,0.2857142857142857,1.0,0.14285714285714285,25.417917,90.101105,13.900002,12.26,2.0
2,2.0,0.0,1.0,0.0,0.2857142857142857,0.0,0.14285714285714285,25.636667,85.2952,2.0,7.48,0.0
3,0.0,3.0,1.0,0.0,0.0,0.0,0.2857142857142857,26.280418,80.992775,3.3000002,6.34,3.0
4,3.0,0.0,1.0,0.0,0.0,1.0,0.2857142857142857,26.242918,81.51595,1.8000002,7.45,0.0
5,0.0,0.0,1.5714285714285714,0.0,0.0,0.0,0.2857142857142857,24.917917,87.565765,6.4,8.75,4.0
6,4.0,0.0,1.5714285714285714,0.0,0.0,0.0,0.2857142857142857,24.617918,90.58492,12.5,9.92,0.0
0,0.0,2.0,1.2857142857142858,0.0,0.0,0.0,0.14285714285714285,23.853334,93.820595,38.799995,6.89,0.0
1,0.0,2.0,1.2857142857142858,0.0,0.14285714285714285,0.0,0.14285714285714285,24.705416,89.19445,9.0,5.01,2.0
2,2.0,0.0,1.7142857142857142,1.0,0.42857142857142855,0.0,0.14285714285714285,24.57208,89.79157,8.900002,4.89,3.0
3,3.0,3.0,1.2857142857142858,2.0,0.42857142857142855,0.0,0.0,25.463753,84.78263,1.4000001,4.12,0.0
4,0.0,0.0,1.2857142857142858,0.0,0.42857142857142855,0.0,0.0,25.17417,78.27085,1.8,5.19,0.0
5,0.0,4.0,0.7142857142857143,0.0,0.42857142857142855,0.0,0.0,25.39292,76.31122,0.0,7.17,0.0
6,0.0,0.0,0.7142857142857143,0.0,0.42857142857142855,0.0,0.0,24.915834,81.77808,0.3,8.93,0.0
0,0.0,0.0,0.7142857142857143,0.0,0.42857142857142855,0.0,0.0,23.95125,93.26331,11.5,8.66,0.0
1,0.0,2.0,0.42857142857142855,0.0,0.2857142857142857,0.0,0.0,24.397085,90.552,3.8999999,6.6,0.0
2,0.0,3.0,0.42857142857142855,0.0,0.14285714285714285,0.0,0.14285714285714285,24.217924,91.73413,14.1,1.01,3.0
3,3.0,0.0,0.42857142857142855,1.0,0.14285714285714285,1.0,0.14285714285714285,24.472086,91.67062,6.2,0.92,0.0
4,0.0,0.0,0.42857142857142855,0.0,0.14285714285714285,0.0,0.14285714285714285,24.201248,91.762726,17.1,3.92,0.0
5,0.0,0.0,0.42857142857142855,0.0,0.14285714285714285,0.0,0.14285714285714285,22.559586,84.216576,5.3,8.86,0.0
6,0.0,0.0,0.42857142857142855,0.0,0.14285714285714285,0.0,0.14285714285714285,22.759584,79.03936,1.6000001,5.18,0.0
0,0.0,0.0,0.42857142857142855,0.0,0.14285714285714285,0.0,0.14285714285714285,22.707499,87.241234,21.4,6.44,0.0
1,0.0,0.0,0.42857142857142855,0.0,0.14285714285714285,0.0,0.14285714285714285,23.084585,87.958046,6.9999995,6.21,0.0
2,0.0,3.0,0.0,0.0,0.0,0.0,0.0,22.617918,82.1253,9.500001,5.46,0.0
3,0.0,0.0,0.0,0.0,0.0,0.0,0.0,21.380415,78.90542,2.4,10.58,0.0
4,0.0,0.0,0.0,0.0,0.0,0.0,0.0,20.7575,72.53115,0.3,13.22,0.0
5,0.0,0.0,0.0,0.0,0.0,0.0,0.0,20.126253,78.657745,4.5,12.95,0.0
6,0.0,0.0,0.0,0.0,0.0,0.0,0.0,20.7075,80.67405,2.3,14.04,0.0
0,0.0,0.0,0.0,0.0,0.0,0.0,0.0,21.032501,82.494804,2.9,12.1,0.0
1,0.0,0.0,0.0,0.0,0.0,0.0,0.0,21.195,90.80484,7.0,10.57,0.0
2,0.0,0.0,0.0,0.0,0.0,0.0,0.0,21.728333,93.3797,19.4,7.89,0.0
3,0.0,0.0,0.0,0.0,0.0,0.0,0.0,22.832499,85.52466,2.2,9.75,0.0
4,0.0,0.0,0.0,0.0,0.0,0.0,0.0,23.71375,84.98785,2.2,4.03,0.0
5,0.0,0.0,0.0,0.0,0.0,0.0,0.0,23.58042,93.12485,38.100002,5.35,0.0
6,0.0,0.0,0.0,0.0,0.0,0.0,0.0,23.865835,92.3822,17.300001,5.63,0.0
0,0.0,0.0,0.0,0.0,0.0,0.0,0.0,23.115831,92.79647,15.500001,4.92,0.0
1,0.0,0.0,0.7142857142857143,0.0,0.5714285714285714,0.0,0.0,23.240831,86.91386,9.700001,4.46,5.0
2,5.0,0.0,1.4285714285714286,4.0,1.0,0.0,0.14285714285714285,22.409578,94.79351,32.399998,6.41,5.0
3,5.0,0.0,1.4285714285714286,3.0,1.0,1.0,0.14285714285714285,22.855417,94.123375,47.3,8.39,0.0
4,0.0,0.0,1.4285714285714286,0.0,1.0,0.0,0.14285714285714285,23.484587,79.94968,0.1,7.81,0.0
5,0.0,0.0,1.4285714285714286,0.0,1.0,0.0,0.14285714285714285,23.447083,76.47646,0.4,9.0,0.0
6,0.0,0.0,1.4285714285714286,0.0,1.0,0.0,0.14285714285714285,22.83667,78.307846,0.0,10.14,0.0
0,0.0,0.0,1.4285714285714286,0.0,1.0,0.0,0.14285714285714285,23.657501,76.64081,0.1,11.72,0.0
1,0.0,5.0,0.7142857142857143,0.0,0.42857142857142855,0.0,0.14285714285714285,23.851252,80.43751,3.0,16.88,0.0
2,0.0,5.0,0.0,0.0,0.0,0.0,0.0,23.911667,79.5884,0.1,16.92,0.0
3,0.0,0.0,0.0,0.0,0.0,0.0,0.0,23.574167,85.98521,0.70000005,13.28,0.0
4,0.0,0.0,0.0,0.0,0.0,0.0,0.0,24.392914,84.394264,0.0,15.72,0.0
5,0.0,0.0,0.14285714285714285,0.0,0.0,0.0,0.0,24.186668,90.37268,22.699999,14.95,1.0
6,1.0,0.0,0.14285714285714285,0.0,0.0,0.0,0.0,24.170004,86.52133,9.3,13.51,0.0
0,0.0,0.0,0.7142857142857143,0.0,0.14285714285714285,0.0,0.14285714285714285,23.06167,90.682526,10.9,5.9,4.0
1,4.0,0.0,1.4285714285714286,1.0,0.42857142857142855,1.0,0.2857142857142857,22.80542,89.8415,10.3,8.33,5.0
2,5.0,0.0,1.4285714285714286,2.0,0.42857142857142855,1.0,0.2857142857142857,23.301249,82.591866,2.1,7.34,0.0
3,0.0,0.0,1.4285714285714286,0.0,0.42857142857142855,0.0,0.2857142857142857,22.7575,84.34139,2.6999998,8.75,0.0
4,0.0,0.0,1.4285714285714286,0.0,0.42857142857142855,0.0,0.2857142857142857,22.734587,84.15701,0.3,12.01,0.0
5,0.0,1.0,1.2857142857142858,0.0,0.42857142857142855,0.0,0.2857142857142857,23.792915,87.01287,2.4,14.15,0.0
6,0.0,0.0,1.2857142857142858,0.0,0.42857142857142855,0.0,0.2857142857142857,24.224169,84.48,0.3,11.28,0.0
0,0.0,4.0,0.7142857142857143,0.0,0.2857142857142857,0.0,0.14285714285714285,23.161673,84.69743,4.2999997,12.45,0.0
1,0.0,5.0,0.0,0.0,0.0,0.0,0.0,20.451248,85.401955,12.6,10.15,0.0
2,0.0,0.0,0.0,0.0,0.0,0.0,0.0,21.784582,80.10736,0.2,7.49,0.0
3,0.0,0.0,0.0,0.0,0.0,0.0,0.0,22.401253,81.30204,0.8000001,8.73,0.0
4,0.0,0.0,0.0,0.0,0.0,0.0,0.0,21.324167,76.80874,0.5,10.01,0.0
5,0.0,0.0,0.0,0.0,0.0,0.0,0.0,20.557503,78.849144,0.0,7.94,0.0
6,0.0,0.0,0.0,0.0,0.0,0.0,0.0,21.136667,83.471886,2.6999998,9.78,0.0
0,0.0,0.0,0.14285714285714285,0.0,0.14285714285714285,0.0,0.0,21.776253,76.33632,0.5,9.42,1.0
1,1.0,0.0,0.14285714285714285,1.0,0.14285714285714285,0.0,0.0,22.940832,80.029915,0.0,11.7,0.0
2,0.0,0.0,0.14285714285714285,0.0,0.14285714285714285,0.0,0.0,24.570002,84.74712,1.4000001,13.88,0.0
3,0.0,0.0,0.14285714285714285,0.0,0.14285714285714285,0.0,0.0,24.074167,88.06973,2.3,14.1,0.0
4,0.0,0.0,0.14285714285714285,0.0,0.14285714285714285,0.0,0.0,24.065832,78.66004,0.2,9.05,0.0
5,0.0,0.0,0.14285714285714285,0.0,0.14285714285714285,0.0,0.0,23.601248,79.554,0.2,8.35,0.0
6,0.0,0.0,0.14285714285714285,0.0,0.14285714285714285,0.0,0.0,24.217918,84.95144,1.0,11.7,0.0
0,0.0,1.0,0.0,0.0,0.0,0.0,0.0,24.409578,89.413734,7.5999994,14.52,0.0
1,0.0,0.0,0.0,0.0,0.0,0.0,0.0,24.613752,83.03884,2.1,11.66,0.0
2,0.0,0.0,0.0,0.0,0.0,0.0,0.0,23.695,79.036316,0.3,10.32,0.0
3,0.0,0.0,0.0,0.0,0.0,0.0,0.0,24.12625,79.3784,0.0,11.68,0.0
4,0.0,0.0,0.0,0.0,0.0,0.0,0.0,24.78875,78.31664,0.0,13.0,0.0
5,0.0,0.0,0.0,0.0,0.0,0.0,0.0,24.697084,79.14144,0.9000001,11.8,0.0
6,0.0,0.0,0.0,0.0,0.0,0.0,0.0,23.980417,78.55537,0.0,12.58,0.0
0,0.0,0.0,0.0,0.0,0.0,0.0,0.0,23.492914,78.34923,0.2,10.59,0.0
1,0.0,0.0,0.0,0.0,0.0,0.0,0.0,23.34083,79.822685,8.7,9.16,0.0
2,0.0,0.0,0.0,0.0,0.0,0.0,0.0,22.353333,78.30949,2.9999998,7.09,0.0
3,0.0,0.0,0.0,0.0,0.0,0.0,0.0,21.65125,78.97149,1.9,7.75,0.0
4,0.0,0.0,0.0,0.0,0.0,0.0,0.0,22.863749,84.41903,2.0,11.07,0.0
5,0.0,0.0,0.0,0.0,0.0,0.0,0.0,22.6825,94.00332,22.000002,10.78,0.0
6,0.0,0.0,0.0,0.0,0.0,0.0,0.0,23.519999,85.93072,3.1,8.76,0.0
0,0.0,0.0,0.0,0.0,0.0,0.0,0.0,22.674166,78.465675,0.1,3.69,0.0
1,0.0,0.0,0.0,0.0,0.0,0.0,0.0,22.874166,78.75819,0.3,5.05,0.0
2,0.0,0.0,0.0,0.0,0.0,0.0,0.0,24.1825,81.90455,1.0,5.42,0.0
3,0.0,0.0,0.0,0.0,0.0,0.0,0.0,24.828333,87.97168,2.7,4.8,0.0
4,0.0,0.0,0.0,0.0,0.0,0.0,0.0,24.290833,84.879425,7.4,6.61,0.0
5,0.0,0.0,0.0,0.0,0.0,0.0,0.0,22.805418,83.19287,5.9999995,4.34,0.0
6,0.0,0.0,0.0,0.0,0.0,0.0,0.0,21.886667,83.70356,4.7000003,7.87,0.0
0,0.0,0.0,0.0,0.0,0.0,0.0,0.0,22.167915,76.04171,0.5,9.72,0.0
1,0.0,0.0,0.0,0.0,0.0,0.0,0.0,22.992918,80.110146,0.3,13.39,0.0
2,0.0,0.0,0.0,0.0,0.0,0.0,0.0,22.71375,82.54229,4.2999997,14.78,0.0
3,0.0,0.0,0.0,0.0,0.0,0.0,0.0,22.107504,82.65484,2.0000002,9.05,0.0
4,0.0,0.0,0.0,0.0,0.0,0.0,0.0,22.182503,84.51766,5.4999995,9.94,0.0
5,0.0,0.0,0.0,0.0,0.0,0.0,0.0,21.857498,78.79246,2.7,11.78,0.0
6,0.0,0.0,0.0,0.0,0.0,0.0,0.0,21.624166,74.1686,0.2,10.06,0.0
0,0.0,0.0,0.0,0.0,0.0,0.0,0.0,22.247084,72.52246,0.1,11.05,0.0
1,0.0,0.0,0.0,0.0,0.0,0.0,0.0,22.863752,77.18171,0.1,11.3,0.0
2,0.0,0.0,0.0,0.0,0.0,0.0,0.0,23.278336,79.582146,0.5,13.89,0.0
3,0.0,0.0,0.0,0.0,0.0,0.0,0.0,22.672083,82.8082,10.300001,10.74,0.0
4,0.0,0.0,0.0,0.0,0.0,0.0,0.0,22.888748,75.04451,0.0,6.32,0.0
5,0.0,0.0,0.0,0.0,0.0,0.0,0.0,23.72,77.521576,1.0000001,11.69,0.0
6,0.0,0.0,0.0,0.0,0.0,0.0,0.0,22.170004,84.83579,9.099999,11.34,0.0
0,0.0,0.0,0.0,0.0,0.0,0.0,0.0,22.851248,77.134445,0.2,8.19,0.0
1,0.0,0.0,0.0,0.0,0.0,0.0,0.0,24.417917,77.75009,0.8000001,11.18,0.0
2,0.0,0.0,0.0,0.0,0.0,0.0,0.0,25.04917,74.69964,0.70000005,11.32,0.0
3,0.0,0.0,0.8571428571428571,0.0,0.2857142857142857,0.0,0.14285714285714285,24.984581,74.33405,0.1,11.16,6.0
4,6.0,0.0,0.8571428571428571,2.0,0.2857142857142857,1.0,0.14285714285714285,25.08875,75.67869,0.0,9.41,0.0
5,0.0,0.0,0.8571428571428571,0.0,0.2857142857142857,0.0,0.14285714285714285,25.905418,70.392876,0.0,11.65,0.0
6,0.0,0.0,0.8571428571428571,0.0,0.2857142857142857,0.0,0.14285714285714285,25.017916,75.19162,0.0,10.34,0.0
0,0.0,0.0,0.8571428571428571,0.0,0.2857142857142857,0.0,0.14285714285714285,25.80542,76.0976,0.0,13.16,0.0
1,0.0,0.0,0.8571428571428571,0.0,0.2857142857142857,0.0,0.14285714285714285,26.276247,74.91982,0.0,11.13,0.0
2,0.0,0.0,0.8571428571428571,0.0,0.2857142857142857,0.0,0.14285714285714285,26.586668,71.63838,0.0,13.39,0.0
3,0.0,6.0,0.0,0.0,0.0,0.0,0.0,27.51375,73.62403,0.1,10.36,0.0
4,0.0,0.0,0.0,0.0,0.0,0.0,0.0,27.842918,74.55274,1.2,9.38,0.0
5,0.0,0.0,0.0,0.0,0.0,0.0,0.0,26.499166,78.00867,0.8,9.37,0.0
6,0.0,0.0,0.0,0.0,0.0,0.0,0.0,26.832504,74.29603,0.4,10.19,0.0
0,0.0,0.0,1.0,0.0,0.0,0.0,0.14285714285714285,26.653336,75.43993,0.8,12.07,7.0
1,7.0,0.0,1.5714285714285714,0.0,0.0,1.0,0.2857142857142857,26.688751,78.27079,1.9000001,14.0,4.0
2,4.0,0.0,3.4285714285714284,0.0,0.14285714285714285,1.0,0.2857142857142857,27.688751,72.71035,0.6,14.28,13.0
3,13.0,0.0,4.0,1.0,0.14285714285714285,0.0,0.2857142857142857,26.83042,79.392555,8.500001,11.6,4.0
4,4.0,0.0,4.0,0.0,0.14285714285714285,0.0,0.2857142857142857,26.488749,82.09967,1.0000001,16.02,0.0
5,0.0,0.0,4.0,0.0,0.14285714285714285,0.0,0.2857142857142857,25.792917,82.479,15.499999,16.03,0.0
6,0.0,0.0,4.0,0.0,0.14285714285714285,0.0,0.2857142857142857,25.51375,83.52055,2.5,11.63,0.0
0,0.0,7.0,3.0,0.0,0.14285714285714285,0.0,0.14285714285714285,26.076254,71.0491,0.5,21.7,0.0
1,0.0,4.0,2.4285714285714284,0.0,0.14285714285714285,0.0,0.0,26.6325,66.47738,0.0,17.23,0.0
2,0.0,13.0,0.5714285714285714,0.0,0.0,0.0,0.0,27.03875,67.55372,0.0,18.14,0.0
3,0.0,4.0,0.0,0.0,0.0,0.0,0.0,27.363749,66.50505,0.2,17.42,0.0
4,0.0,0.0,0.0,0.0,0.0,0.0,0.0,26.013754,76.515785,4.299999,12.78,0.0
5,0.0,0.0,0.0,0.0,0.0,0.0,0.0,25.692917,72.74376,2.7,10.28,0.0
6,0.0,0.0,0.0,0.0,0.0,0.0,0.0,25.978338,73.15654,0.3,10.09,0.0
0,0.0,0.0,0.0,0.0,0.0,0.0,0.0,26.578333,71.24858,1.1,14.49,0.0
1,0.0,0.0,0.0,0.0,0.0,0.0,0.0,25.27417,83.16504,27.600002,18.74,0.0
2,0.0,0.0,0.14285714285714285,0.0,0.0,0.0,0.0,26.280418,88.538475,13.9,17.93,1.0
3,1.0,0.0,0.14285714285714285,0.0,0.0,0.0,0.0,27.144999,81.16783,2.4,7.23,0.0
4,0.0,0.0,0.14285714285714285,0.0,0.0,0.0,0.0,26.901247,81.88868,12.900001,10.57,0.0
5,0.0,0.0,0.14285714285714285,0.0,0.0,0.0,0.0,26.099165,87.20832,8.2,17.79,0.0
6,0.0,0.0,0.14285714285714285,0.0,0.0,0.0,0.0,26.082499,85.34732,7.2000003,22.82,0.0
0,0.0,0.0,0.2857142857142857,0.0,0.0,0.0,0.0,26.774164,84.21173,3.3,17.89,1.0
1,1.0,0.0,0.2857142857142857,0.0,0.0,0.0,0.0,28.14292,77.77102,0.1,9.66,0.0
2,0.0,1.0,0.14285714285714285,0.0,0.0,0.0,0.0,28.224167,77.3751,1.8000001,7.9,0.0
3,0.0,0.0,0.14285714285714285,0.0,0.0,0.0,0.0,27.105421,82.22341,12.700001,12.24,0.0
4,0.0,0.0,0.14285714285714285,0.0,0.0,0.0,0.0,27.419998,79.09733,0.4,20.82,0.0
5,0.0,0.0,0.14285714285714285,0.0,0.0,0.0,0.0,26.54917,83.366394,8.6,22.37,0.0
6,0.0,0.0,0.14285714285714285,0.0,0.0,0.0,0.0,26.953337,76.011986,1.3000001,27.15,0.0
0,0.0,1.0,0.14285714285714285,0.0,0.0,0.0,0.14285714285714285,27.230415,70.42523,0.70000005,11.6,1.0
1,1.0,0.0,0.5714285714285714,0.0,0.2857142857142857,1.0,0.14285714285714285,27.309586,76.998665,5.1,12.4,3.0
2,3.0,0.0,0.8571428571428571,2.0,0.42857142857142855,0.0,0.14285714285714285,27.686668,72.48626,0.6,10.73,2.0
3,2.0,0.0,1.0,1.0,0.42857142857142855,0.0,0.14285714285714285,28.497084,67.45511,0.4,9.59,1.0
4,1.0,0.0,1.0,0.0,0.42857142857142855,0.0,0.14285714285714285,28.488752,72.18209,1.0,11.59,0.0
5,0.0,0.0,1.0,0.0,0.42857142857142855,0.0,0.14285714285714285,27.138748,81.82654,13.4,10.65,0.0
6,0.0,0.0,1.0,0.0,0.42857142857142855,0.0,0.14285714285714285,28.138754,75.72343,0.7,10.41,0.0
0,0.0,1.0,0.8571428571428571,0.0,0.42857142857142855,0.0,0.0,28.455414,71.03503,0.5,9.2,0.0
1,0.0,3.0,1.0,0.0,0.2857142857142857,0.0,0.14285714285714285,28.809586,67.376564,0.2,9.14,4.0
2,4.0,2.0,0.8571428571428571,1.0,0.14285714285714285,1.0,0.14285714285714285,28.878334,70.027054,1.0,10.05,1.0
3,1.0,1.0,0.7142857142857143,0.0,0.14285714285714285,0.0,0.14285714285714285,29.067917,69.30319,0.70000005,11.16,0.0
4,0.0,0.0,0.7142857142857143,0.0,0.14285714285714285,0.0,0.14285714285714285,29.682497,64.146454,0.0,10.28,0.0
5,0.0,0.0,0.7142857142857143,0.0,0.14285714285714285,0.0,0.14285714285714285,30.30542,59.06961,0.0,6.94,0.0
6,0.0,0.0,0.7142857142857143,0.0,0.14285714285714285,0.0,0.14285714285714285,28.167917,75.22874,6.9999995,7.22,0.0
0,0.0,0.0,0.7142857142857143,0.0,0.14285714285714285,0.0,0.14285714285714285,26.759583,84.477295,23.000002,11.26,0.0
1,0.0,4.0,0.14285714285714285,0.0,0.0,0.0,0.0,26.30542,86.66268,15.899999,10.3,0.0
2,0.0,1.0,0.0,0.0,0.0,0.0,0.0,26.824163,84.5505,5.7000003,7.42,0.0
3,0.0,0.0,0.0,0.0,0.0,0.0,0.0,27.484581,81.51115,13.6,8.16,0.0
4,0.0,0.0,0.0,0.0,0.0,0.0,0.0,27.83875,81.51147,4.3999996,10.14,0.0
5,0.0,0.0,0.0,0.0,0.0,0.0,0.0,28.23667,80.44895,4.1,9.68,0.0
6,0.0,0.0,0.0,0.0,0.0,0.0,0.0,28.159582,80.80982,1.7,12.38,0.0
0,0.0,0.0,0.0,0.0,0.0,0.0,0.0,28.46375,80.89309,0.1,13.26,0.0
1,0.0,0.0,0.0,0.0,0.0,0.0,0.0,28.324165,84.34187,11.9,12.52,0.0
2,0.0,0.0,0.0,0.0,0.0,0.0,0.0,27.503334,86.11318,20.0,16.28,0.0
3,0.0,0.0,0.0,0.0,0.0,0.0,0.0,27.40125,83.163994,4.9,17.72,0.0
4,0.0,0.0,0.0,0.0,0.0,0.0,0.0,27.474167,83.177895,1.8000001,8.15,0.0
5,0.0,0.0,0.0,0.0,0.0,0.0,0.0,28.36792,79.134605,4.4,15.59,0.0
6,0.0,0.0,0.0,0.0,0.0,0.0,0.0,27.978333,83.69359,16.6,15.4,0.0
0,0.0,0.0,0.0,0.0,0.0,0.0,0.0,27.90542,84.45222,9.9,18.74,0.0
1,0.0,0.0,0.0,0.0,0.0,0.0,0.0,27.945002,83.27413,8.1,23.36,0.0
2,0.0,0.0,0.0,0.0,0.0,0.0,0.0,27.061666,84.16677,13.1,21.58,0.0
3,0.0,0.0,0.0,0.0,0.0,0.0,0.0,27.190834,81.81335,1.0,8.69,0.0
4,0.0,0.0,0.0,0.0,0.0,0.0,0.0,27.811668,71.93274,0.6,8.73,0.0
5,0.0,0.0,0.0,0.0,0.0,0.0,0.0,27.99083,70.08473,2.4,11.76,0.0
6,0.0,0.0,0.0,0.0,0.0,0.0,0.0,28.455416,73.55037,0.5,6.83,0.0
0,0.0,0.0,0.0,0.0,0.0,0.0,0.0,29.332504,68.22231,0.0,6.55,0.0
1,0.0,0.0,0.0,0.0,0.0,0.0,0.0,30.722084,63.67277,0.0,7.13,0.0
2,0.0,0.0,0.0,0.0,0.0,0.0,0.0,29.87625,68.58042,3.1000001,8.27,0.0
3,0.0,0.0,0.0,0.0,0.0,0.0,0.0,29.217916,74.51559,10.8,9.25,0.0
4,0.0,0.0,0.0,0.0,0.0,0.0,0.0,27.74292,83.46127,17.5,10.48,0.0
5,0.0,0.0,0.0,0.0,0.0,0.0,0.0,26.490835,87.633385,21.7,12.44,0.0
6,0.0,0.0,0.0,0.0,0.0,0.0,0.0,27.244997,86.07925,15.400001,9.82,0.0
0,0.0,0.0,0.0,0.0,0.0,0.0,0.0,27.034586,88.09347,19.999998,9.09,0.0
1,0.0,0.0,0.0,0.0,0.0,0.0,0.0,27.388748,83.294685,7.6999993,8.74,0.0
2,0.0,0.0,0.0,0.0,0.0,0.0,0.0,27.361666,81.28515,4.7,7.99,0.0
3,0.0,0.0,0.0,0.0,0.0,0.0,0.0,26.680418,85.22325,15.499999,9.88,0.0
4,0.0,0.0,0.0,0.0,0.0,0.0,0.0,27.232504,85.468666,12.6,7.5,0.0
5,0.0,0.0,0.0,0.0,0.0,0.0,0.0,28.336668,82.15606,0.0,8.06,0.0
6,0.0,0.0,0.0,0.0,0.0,0.0,0.0,28.51375,76.477135,1.7,9.86,0.0
0,0.0,0.0,0.0,0.0,0.0,0.0,0.0,29.413748,72.490486,0.0,5.22,0.0
1,0.0,0.0,0.0,0.0,0.0,0.0,0.0,29.561666,73.70579,3.1999998,5.42,0.0
2,0.0,0.0,0.0,0.0,0.0,0.0,0.0,28.203333,84.20544,9.0,7.71,0.0
3,0.0,0.0,0.0,0.0,0.0,0.0,0.0,27.907501,84.34001,12.3,14.11,0.0
4,0.0,0.0,0.0,0.0,0.0,0.0,0.0,29.07625,76.3327,0.5,13.68,0.0
5,0.0,0.0,0.0,0.0,0.0,0.0,0.0,28.947084,73.73617,1.1,7.69,0.0
6,0.0,0.0,0.0,0.0,0.0,0.0,0.0,28.942917,73.8889,0.3,7.01,0.0
0,0.0,0.0,0.0,0.0,0.0,0.0,0.0,28.663752,77.95674,0.2,10.11,0.0
1,0.0,0.0,0.0,0.0,0.0,0.0,0.0,28.917917,75.52023,11.5,12.46,0.0
2,0.0,0.0,0.0,0.0,0.0,0.0,0.0,28.082499,79.38054,14.8,7.37,0.0
3,0.0,0.0,0.0,0.0,0.0,0.0,0.0,28.745,70.513504,0.0,10.8,0.0
4,0.0,0.0,0.0,0.0,0.0,0.0,0.0,28.965834,71.12775,1.1,8.26,0.0
5,0.0,0.0,0.0,0.0,0.0,0.0,0.0,27.14292,85.9719,19.800003,8.16,0.0
6,0.0,0.0,0.0,0.0,0.0,0.0,0.0,26.617918,89.075294,11.799999,6.18,0.0
0,0.0,0.0,0.0,0.0,0.0,0.0,0.0,25.476255,93.73475,25.099997,6.57,0.0
1,0.0,0.0,0.0,0.0,0.0,0.0,0.0,26.540834,89.315025,8.6,9.15,0.0
2,0.0,0.0,0.0,0.0,0.0,0.0,0.0,26.970001,89.135826,22.1,5.28,0.0
3,0.0,0.0,0.0,0.0,0.0,0.0,0.0,28.022087,83.4643,21.1,8.99,0.0
4,0.0,0.0,0.0,0.0,0.0,0.0,0.0,27.303339,86.62856,7.7999997,8.32,0.0
5,0.0,0.0,0.0,0.0,0.0,0.0,0.0,26.947088,86.709236,5.0,8.56,0.0
6,0.0,0.0,0.0,0.0,0.0,0.0,0.0,26.961668,87.75626,3.8999999,9.8,0.0
0,0.0,0.0,0.0,0.0,0.0,0.0,0.0,28.820002,76.026146,0.0,13.08,0.0
1,0.0,0.0,0.0,0.0,0.0,0.0,0.0,29.33875,74.94286,0.0,9.47,0.0
2,0.0,0.0,0.0,0.0,0.0,0.0,0.0,29.261673,75.77765,5.7,7.3,0.0
3,0.0,0.0,0.0,0.0,0.0,0.0,0.0,27.095003,84.1429,5.8999996,7.43,0.0
4,0.0,0.0,0.0,0.0,0.0,0.0,0.0,28.805418,75.8048,0.3,9.55,0.0
5,0.0,0.0,0.0,0.0,0.0,0.0,0.0,28.799164,73.339424,0.3,8.75,0.0
6,0.0,0.0,0.0,0.0,0.0,0.0,0.0,28.884583,70.95862,0.3,8.08,0.0
0,0.0,0.0,0.0,0.0,0.0,0.0,0.0,27.851252,82.26736,13.1,7.86,0.0
1,0.0,0.0,0.0,0.0,0.0,0.0,0.0,27.132498,85.94598,24.6,9.0,0.0
2,0.0,0.0,0.0,0.0,0.0,0.0,0.0,25.667917,93.68926,70.99999,8.24,0.0
3,0.0,0.0,0.0,0.0,0.0,0.0,0.0,26.828331,88.20398,31.1,5.34,0.0
4,0.0,0.0,0.0,0.0,0.0,0.0,0.0,27.89917,76.09733,0.90000004,4.7,0.0
5,0.0,0.0,0.0,0.0,0.0,0.0,0.0,27.853333,79.86146,1.4000001,4.71,0.0
6,0.0,0.0,0.0,0.0,0.0,0.0,0.0,28.928335,75.03719,0.70000005,6.13,0.0
0,0.0,0.0,0.0,0.0,0.0,0.0,0.0,27.91375,82.85996,13.2,7.29,0.0
1,0.0,0.0,0.0,0.0,0.0,0.0,0.0,27.203333,87.560234,9.0,13.45,0.0
2,0.0,0.0,0.0,0.0,0.0,0.0,0.0,27.088747,84.93893,9.400001,14.02,0.0
3,0.0,0.0,0.0,0.0,0.0,0.0,0.0,27.376253,86.59368,8.599999,10.06,0.0
4,0.0,0.0,0.0,0.0,0.0,0.0,0.0,27.445,83.6453,12.2,8.62,0.0
5,0.0,0.0,0.0,0.0,0.0,0.0,0.0,26.644999,86.90824,18.8,7.79,0.0
6,0.0,0.0,0.0,0.0,0.0,0.0,0.0,26.130417,87.22921,6.6000004,6.66,0.0
0,0.0,0.0,0.0,0.0,0.0,0.0,0.0,25.599167,91.75082,46.700005,5.86,0.0
1,0.0,0.0,0.0,0.0,0.0,0.0,0.0,26.240835,78.01069,31.300001,3.66,0.0
2,0.0,0.0,0.0,0.0,0.0,0.0,0.0,29.255417,69.08956,0.2,1.16,0.0
3,0.0,0.0,0.0,0.0,0.0,0.0,0.0,28.31375,83.18732,7.7999997,1.81,0.0
4,0.0,0.0,0.0,0.0,0.0,0.0,0.0,27.082502,89.00564,42.2,4.37,0.0
5,0.0,0.0,0.0,0.0,0.0,0.0,0.0,26.515837,89.326416,16.600002,9.85,0.0
6,0.0,0.0,0.0,0.0,0.0,0.0,0.0,26.695002,89.54301,12.0,7.52,0.0
0,0.0,0.0,0.0,0.0,0.0,0.0,0.0,26.997086,89.746574,4.7999997,8.35,0.0
1,0.0,0.0,0.0,0.0,0.0,0.0,0.0,28.082499,83.59749,5.0,8.2,0.0
2,0.0,0.0,0.0,0.0,0.0,0.0,0.0,28.463753,76.25067,4.0,6.63,0.0
3,0.0,0.0,0.0,0.0,0.0,0.0,0.0,30.005419,67.34573,0.0,5.87,0.0
4,0.0,0.0,0.0,0.0,0.0,0.0,0.0,29.45125,73.10282,0.4,7.1,0.0
5,0.0,0.0,0.0,0.0,0.0,0.0,0.0,29.980415,70.75208,0.0,9.4,0.0
6,0.0,0.0,0.0,0.0,0.0,0.0,0.0,29.780416,70.3112,0.0,9.98,0.0
0,0.0,0.0,0.0,0.0,0.0,0.0,0.0,29.738754,72.466934,0.0,12.4,0.0
1,0.0,0.0,0.0,0.0,0.0,0.0,0.0,29.809587,75.38636,1.1,15.52,0.0
2,0.0,0.0,0.0,0.0,0.0,0.0,0.0,28.15125,83.65823,17.999998,13.92,0.0
3,0.0,0.0,0.0,0.0,0.0,0.0,0.0,28.095001,82.6957,1.2,9.36,0.0
4,0.0,0.0,0.0,0.0,0.0,0.0,0.0,28.199165,80.843575,0.3,9.23,0.0
5,0.0,0.0,0.0,0.0,0.0,0.0,0.0,28.951256,78.68583,0.0,6.22,0.0
6,0.0,0.0,0.0,0.0,0.0,0.0,0.0,28.82625,81.41631,0.90000004,9.92,0.0
0,0.0,0.0,0.0,0.0,0.0,0.0,0.0,28.601252,82.16329,1.0,8.65,0.0
1,0.0,0.0,0.0,0.0,0.0,0.0,0.0,28.409584,81.51322,1.2,10.01,0.0
2,0.0,0.0,0.0,0.0,0.0,0.0,0.0,27.62,84.08929,9.5,8.34,0.0
3,0.0,0.0,0.0,0.0,0.0,0.0,0.0,27.28875,85.94806,9.900001,9.81,0.0
4,0.0,0.0,0.0,0.0,0.0,0.0,0.0,27.497084,84.06688,8.6,9.15,0.0
5,0.0,0.0,0.0,0.0,0.0,0.0,0.0,27.605417,83.64283,14.999999,10.63,0.0
6,0.0,0.0,0.0,0.0,0.0,0.0,0.0,26.440832,88.66852,13.500001,11.84,0.0
0,0.0,0.0,0.0,0.0,0.0,0.0,0.0,26.755419,87.05418,16.1,8.33,0.0
1,0.0,0.0,0.0,0.0,0.0,0.0,0.0,27.255417,84.7675,9.499999,9.11,0.0
2,0.0,0.0,0.0,0.0,0.0,0.0,0.0,27.25125,85.66926,3.9999998,10.43,0.0
3,0.0,0.0,0.0,0.0,0.0,0.0,0.0,27.361666,86.12101,0.1,10.94,0.0
4,0.0,0.0,0.0,0.0,0.0,0.0,0.0,26.420004,88.6751,15.9,12.34,0.0
5,0.0,0.0,0.0,0.0,0.0,0.0,0.0,24.517916,93.15736,43.699997,8.15,0.0
6,0.0,0.0,0.0,0.0,0.0,0.0,0.0,26.215836,86.62829,4.8999996,3.83,0.0
0,0.0,0.0,0.0,0.0,0.0,0.0,0.0,25.61167,95.91335,15.0,6.22,0.0
1,0.0,0.0,0.0,0.0,0.0,0.0,0.0,27.749166,81.02458,5.0000005,7.05,0.0
2,0.0,0.0,0.0,0.0,0.0,0.0,0.0,27.755419,81.79951,0.5,5.71,0.0
3,0.0,0.0,0.0,0.0,0.0,0.0,0.0,27.230413,90.22595,18.7,6.42,0.0
4,0.0,0.0,0.0,0.0,0.0,0.0,0.0,27.159584,91.63694,7.899999,9.41,0.0
5,0.0,0.0,0.0,0.0,0.0,0.0,0.0,27.942915,87.433655,2.9999998,9.72,0.0
6,0.0,0.0,0.0,0.0,0.0,0.0,0.0,27.54917,89.85962,2.0000002,8.53,0.0
0,0.0,0.0,0.0,0.0,0.0,0.0,0.0,27.328337,91.7458,13.6,9.55,0.0
1,0.0,0.0,0.0,0.0,0.0,0.0,0.0,27.136671,89.263336,19.300003,9.94,0.0
2,0.0,0.0,0.0,0.0,0.0,0.0,0.0,27.174166,87.62546,21.200003,8.01,0.0
3,0.0,0.0,0.0,0.0,0.0,0.0,0.0,26.7325,87.4909,19.9,6.65,0.0
4,0.0,0.0,0.0,0.0,0.0,0.0,0.0,26.32,87.21051,13.6,8.6,0.0
5,0.0,0.0,0.0,0.0,0.0,0.0,0.0,26.45542,88.42748,22.8,13.51,0.0
6,0.0,0.0,0.0,0.0,0.0,0.0,0.0,26.576248,87.07885,7.2000003,9.65,0.0
0,0.0,0.0,0.0,0.0,0.0,0.0,0.0,25.988749,90.64271,20.000002,10.01,0.0
1,0.0,0.0,0.0,0.0,0.0,0.0,0.0,26.442917,87.406525,10.599999,10.97,0.0
2,0.0,0.0,0.0,0.0,0.0,0.0,0.0,27.220001,83.36809,1.7,7.48,0.0
3,0.0,0.0,0.0,0.0,0.0,0.0,0.0,26.738749,87.957054,10.9,7.54,0.0
4,0.0,0.0,0.0,0.0,0.0,0.0,0.0,26.663752,89.40317,14.200001,14.56,0.0
5,0.0,0.0,0.0,0.0,0.0,0.0,0.0,26.469995,88.522606,8.799999,15.35,0.0
6,0.0,0.0,0.0,0.0,0.0,0.0,0.0,26.765837,87.39483,6.4999995,8.54,0.0
0,0.0,0.0,0.0,0.0,0.0,0.0,0.0,26.824167,87.13895,4.5999994,7.67,0.0
1,0.0,0.0,0.0,0.0,0.0,0.0,0.0,27.186663,86.82627,10.299999,8.14,0.0
2,0.0,0.0,0.0,0.0,0.0,0.0,0.0,26.95125,86.96598,9.6,5.23,0.0
3,0.0,0.0,0.0,0.0,0.0,0.0,0.0,25.863749,91.80628,10.2,8.38,0.0
4,0.0,0.0,0.0,0.0,0.0,0.0,0.0,25.551252,94.19348,50.0,8.18,0.0
5,0.0,0.0,0.0,0.0,0.0,0.0,0.0,26.009584,89.36029,13.500001,3.76,0.0
6,0.0,0.0,0.0,0.0,0.0,0.0,0.0,26.490831,87.43517,9.800001,4.97,0.0
0,0.0,0.0,0.0,0.0,0.0,0.0,0.0,26.43875,88.21917,14.200001,5.81,0.0
1,0.0,0.0,0.0,0.0,0.0,0.0,0.0,25.605415,91.108215,9.299999,6.69,0.0
2,0.0,0.0,0.0,0.0,0.0,0.0,0.0,26.445002,88.017784,4.0,6.85,0.0
3,0.0,0.0,0.0,0.0,0.0,0.0,0.0,27.313757,85.94442,3.4999995,7.6,0.0
4,0.0,0.0,0.0,0.0,0.0,0.0,0.0,27.247086,86.2893,7.1000004,10.21,0.0
5,0.0,0.0,0.0,0.0,0.0,0.0,0.0,25.930418,93.36991,28.3,9.9,0.0
6,0.0,0.0,0.0,0.0,0.0,0.0,0.0,25.490835,90.74444,38.299995,7.53,0.0
0,0.0,0.0,0.0,0.0,0.0,0.0,0.0,26.87,87.9346,0.0,7.35,0.0
1,0.0,0.0,0.0,0.0,0.0,0.0,0.0,28.240837,82.38507,0.0,10.72,0.0
2,0.0,0.0,0.0,0.0,0.0,0.0,0.0,27.359583,80.978065,0.0,11.54,0.0
3,0.0,0.0,0.0,0.0,0.0,0.0,0.0,27.361666,82.87206,3.7,13.67,0.0
4,0.0,0.0,0.0,0.0,0.0,0.0,0.0,26.597084,87.207726,31.1,12.26,0.0
5,0.0,0.0,0.0,0.0,0.0,0.0,0.0,26.972082,86.0626,3.3,8.62,0.0
6,0.0,0.0,0.0,0.0,0.0,0.0,0.0,27.090836,87.89618,3.9,8.18,0.0
0,0.0,0.0,0.0,0.0,0.0,0.0,0.0,26.865839,85.858,2.8,7.01,0.0
1,0.0,0.0,0.0,0.0,0.0,0.0,0.0,27.694998,80.49973,0.5,4.8,0.0
2,0.0,0.0,0.0,0.0,0.0,0.0,0.0,26.563751,86.546936,11.0,7.24,0.0
3,0.0,0.0,0.0,0.0,0.0,0.0,0.0,26.709585,85.19869,6.2999997,4.78,0.0
4,0.0,0.0,0.0,0.0,0.0,0.0,0.0,26.632502,84.72273,3.3,5.7,0.0
5,0.0,0.0,0.0,0.0,0.0,0.0,0.0,27.284586,76.0108,0.1,8.08,0.0
6,0.0,0.0,0.0,0.0,0.0,0.0,0.0,27.213753,75.7974,0.2,7.29,0.0
0,0.0,0.0,0.0,0.0,0.0,0.0,0.0,26.149168,85.01079,4.8999996,10.38,0.0
1,0.0,0.0,0.0,0.0,0.0,0.0,0.0,26.515833,81.30323,2.0,9.83,0.0
2,0.0,0.0,0.0,0.0,0.0,0.0,0.0,26.12208,88.22271,14.6,6.73,0.0
3,0.0,0.0,0.0,0.0,0.0,0.0,0.0,26.320002,87.4246,9.1,6.31,0.0
4,0.0,0.0,0.0,0.0,0.0,0.0,0.0,24.58875,94.60767,22.7,6.61,0.0
5,0.0,0.0,0.0,0.0,0.0,0.0,0.0,24.740835,93.68142,45.5,4.92,0.0
6,0.0,0.0,0.0,0.0,0.0,0.0,0.0,24.978334,93.01557,16.3,4.43,0.0
0,0.0,0.0,0.0,0.0,0.0,0.0,0.0,25.309586,91.31577,16.800001,4.89,0.0
1,0.0,0.0,0.0,0.0,0.0,0.0,0.0,26.511665,84.2991,0.90000004,3.81,0.0
2,0.0,0.0,0.0,0.0,0.0,0.0,0.0,26.770002,83.06043,1.3000001,5.17,0.0
3,0.0,0.0,0.0,0.0,0.0,0.0,0.0,25.738749,88.477135,1.4000001,7.64,0.0
4,0.0,0.0,0.0,0.0,0.0,0.0,0.0,26.89917,79.64623,0.4,6.88,0.0
5,0.0,0.0,0.0,0.0,0.0,0.0,0.0,27.517914,71.86744,0.3,7.83,0.0
6,0.0,0.0,0.0,0.0,0.0,0.0,0.0,26.234583,81.69997,0.6,9.9,0.0
0,0.0,0.0,0.0,0.0,0.0,0.0,0.0,26.297083,76.49573,0.8000001,12.01,0.0
1,0.0,0.0,0.0,0.0,0.0,0.0,0.0,24.52833,90.33939,17.5,11.69,0.0
2,0.0,0.0,0.0,0.0,0.0,0.0,0.0,24.453333,94.11505,18.8,9.91,0.0
3,0.0,0.0,0.0,0.0,0.0,0.0,0.0,25.417915,90.85324,8.3,3.41,0.0
4,0.0,0.0,0.0,0.0,0.0,0.0,0.0,26.074163,88.90868,7.6,4.11,0.0
5,0.0,0.0,0.0,0.0,0.0,0.0,0.0,26.074163,89.457115,1.4000001,6.34,0.0
6,0.0,0.0,0.0,0.0,0.0,0.0,0.0,27.10125,83.10031,0.0,5.6,0.0
0,0.0,0.0,0.0,0.0,0.0,0.0,0.0,26.980417,78.65049,2.0,6.31,0.0
1,0.0,0.0,0.0,0.0,0.0,0.0,0.0,25.722082,90.25967,5.6999993,7.18,0.0
2,0.0,0.0,0.0,0.0,0.0,0.0,0.0,25.7575,90.592094,9.700001,5.25,0.0
3,0.0,0.0,0.0,0.0,0.0,0.0,0.0,26.813751,83.370094,0.6,6.62,0.0
4,0.0,0.0,0.0,0.0,0.0,0.0,0.0,26.75958,81.348816,1.1000001,6.87,0.0
5,0.0,0.0,0.0,0.0,0.0,0.0,0.0,26.484583,85.270256,5.7,10.01,0.0
6,0.0,0.0,0.0,0.0,0.0,0.0,0.0,25.265833,87.779724,6.5999994,7.62,0.0
0,0.0,0.0,0.0,0.0,0.0,0.0,0.0,24.432497,91.30381,17.300001,5.9,0.0
1,0.0,0.0,0.0,0.0,0.0,0.0,0.0,25.2325,81.528076,3.4999995,5.13,0.0
2,0.0,0.0,0.0,0.0,0.0,0.0,0.0,25.359587,83.21883,0.8000001,6.2,0.0
3,0.0,0.0,0.0,0.0,0.0,0.0,0.0,25.501251,80.55087,2.2000003,10.26,0.0
4,0.0,0.0,0.0,0.0,0.0,0.0,0.0,23.645002,87.59174,18.200003,7.06,0.0
5,0.0,0.0,0.0,0.0,0.0,0.0,0.0,23.336668,78.02114,2.3,10.52,0.0
6,0.0,0.0,0.0,0.0,0.0,0.0,0.0,23.215836,82.68084,1.8000001,17.46,0.0
0,0.0,0.0,0.0,0.0,0.0,0.0,0.0,24.095,83.42095,2.2999997,21.32,0.0
1,0.0,0.0,0.0,0.0,0.0,0.0,0.0,24.549166,83.38261,0.5,13.22,0.0
2,0.0,0.0,0.0,0.0,0.0,0.0,0.0,24.990835,88.49478,10.1,12.21,0.0
3,0.0,0.0,0.0,0.0,0.0,0.0,0.0,24.828331,88.10375,16.500002,10.12,0.0
4,0.0,0.0,0.0,0.0,0.0,0.0,0.0,24.33875,80.82195,2.9,4.62,0.0
5,0.0,0.0,0.0,0.0,0.0,0.0,0.0,24.524168,86.703224,14.7,6.13,0.0
6,0.0,0.0,0.0,0.0,0.0,0.0,0.0,25.70125,85.508026,3.2999997,8.19,0.0
0,0.0,0.0,0.0,0.0,0.0,0.0,0.0,25.157501,90.48252,10.7,4.5,0.0
1,0.0,0.0,0.0,0.0,0.0,0.0,0.0,24.567917,91.51276,9.700002,5.57,0.0
2,0.0,0.0,0.0,0.0,0.0,0.0,0.0,24.84292,91.92556,10.800003,5.07,0.0
3,0.0,0.0,0.0,0.0,0.0,0.0,0.0,24.553335,89.21458,16.600002,4.72,0.0
4,0.0,0.0,0.0,0.0,0.0,0.0,0.0,24.13875,91.812805,11.599999,4.37,0.0
5,0.0,0.0,0.0,0.0,0.0,0.0,0.0,23.934584,91.82505,19.2,4.5,0.0
6,0.0,0.0,0.0,0.0,0.0,0.0,0.0,25.40125,86.67411,0.5,3.7,0.0
0,0.0,0.0,0.0,0.0,0.0,0.0,0.0,25.353334,88.89791,6.6,7.66,0.0
1,0.0,0.0,0.0,0.0,0.0,0.0,0.0,25.797087,87.34265,1.7,9.3,0.0
2,0.0,0.0,0.0,0.0,0.0,0.0,0.0,25.60125,86.0781,4.0,7.72,0.0
3,0.0,0.0,0.0,0.0,0.0,0.0,0.0,25.47,89.268105,4.4999995,5.59,0.0
4,0.0,0.0,0.0,0.0,0.0,0.0,0.0,26.5575,82.02477,0.6,6.8,0.0
5,0.0,0.0,0.0,0.0,0.0,0.0,0.0,26.745,78.244286,0.5,6.52,0.0
6,0.0,0.0,0.0,0.0,0.0,0.0,0.0,26.622087,80.82192,0.4,10.05,0.0
0,0.0,0.0,0.0,0.0,0.0,0.0,0.0,26.322083,81.93884,0.8000001,8.94,0.0
1,0.0,0.0,0.0,0.0,0.0,0.0,0.0,25.303331,88.46041,3.7999997,8.65,0.0
2,0.0,0.0,0.0,0.0,0.0,0.0,0.0,25.613754,81.12878,2.6999998,7.05,0.0
3,0.0,0.0,0.0,0.0,0.0,0.0,0.0,25.524168,78.30629,0.8000001,7.22,0.0
4,0.0,0.0,0.0,0.0,0.0,0.0,0.0,24.930414,86.91522,7.9999995,9.9,0.0
5,0.0,0.0,0.0,0.0,0.0,0.0,0.0,24.490835,83.312416,3.7,9.24,0.0
6,0.0,0.0,0.0,0.0,0.0,0.0,0.0,23.642914,92.84258,23.300001,5.36,0.0
0,0.0,0.0,0.0,0.0,0.0,0.0,0.0,24.624166,91.469696,23.3,3.55,0.0
1,0.0,0.0,0.0,0.0,0.0,0.0,0.0,25.499166,86.05358,0.8000001,4.42,0.0
2,0.0,0.0,0.0,0.0,0.0,0.0,0.0,24.203331,87.40747,10.700001,7.9,0.0
3,0.0,0.0,0.0,0.0,0.0,0.0,0.0,22.247086,83.82966,4.3999996,3.78,0.0
4,0.0,0.0,0.0,0.0,0.0,0.0,0.0,22.215836,80.99846,2.2,2.95,0.0
5,0.0,0.0,0.0,0.0,0.0,0.0,0.0,23.628334,85.2805,5.7999997,3.24,0.0
6,0.0,0.0,0.0,0.0,0.0,0.0,0.0,23.749166,83.75707,10.6,3.72,0.0
0,0.0,0.0,0.0,0.0,0.0,0.0,0.0,23.745,86.16037,16.099998,2.99,0.0
1,0.0,0.0,0.0,0.0,0.0,0.0,0.0,23.811666,91.33161,14.799999,3.1,0.0
2,0.0,0.0,0.0,0.0,0.0,0.0,0.0,25.076248,85.106346,1.2,4.42,0.0
3,0.0,0.0,0.0,0.0,0.0,0.0,0.0,24.959585,87.50596,1.9,6.24,0.0
4,0.0,0.0,0.0,0.0,0.0,0.0,0.0,24.267916,93.21267,19.900002,6.63,0.0
5,0.0,0.0,0.0,0.0,0.0,0.0,0.0,24.713755,90.230385,3.7,5.59,0.0
6,0.0,0.0,0.0,0.0,0.0,0.0,0.0,23.903334,93.25666,15.6,5.52,0.0
0,0.0,0.0,0.0,0.0,0.0,0.0,0.0,23.820005,91.322945,4.4999995,3.78,0.0
1,0.0,0.0,0.0,0.0,0.0,0.0,0.0,24.024164,90.450645,5.8999996,4.55,0.0
2,0.0,0.0,0.14285714285714285,0.0,0.2857142857142857,0.0,0.0,23.524168,89.372925,13.0,5.36,1.0
3,1.0,0.0,0.14285714285714285,2.0,0.2857142857142857,0.0,0.0,23.720001,81.32329,1.0,4.49,0.0
4,0.0,0.0,0.2857142857142857,0.0,0.5714285714285714,0.0,0.0,24.282503,83.04562,2.3000002,9.31,1.0
5,1.0,0.0,0.2857142857142857,2.0,0.5714285714285714,0.0,0.0,23.905416,78.50302,2.4,11.9,0.0
6,0.0,0.0,0.2857142857142857,0.0,0.5714285714285714,0.0,0.0,23.638748,82.949165,0.6,10.91,0.0
0,0.0,0.0,3.142857142857143,0.0,1.0,0.0,0.2857142857142857,25.490831,84.75359,0.0,12.06,20.0
1,20.0,0.0,4.428571428571429,3.0,1.7142857142857142,2.0,0.42857142857142855,24.382502,83.701836,3.6999998,8.25,9.0
2,9.0,1.0,5.714285714285714,5.0,2.142857142857143,1.0,0.5714285714285714,22.353333,89.42536,16.2,7.53,10.0
3,10.0,0.0,7.857142857142857,5.0,2.7142857142857144,1.0,1.0,22.522085,81.784515,1.1,10.01,15.0
4,15.0,1.0,7.714285714285714,4.0,2.4285714285714284,3.0,1.0,22.803335,79.68725,1.5000001,11.48,0.0
5,0.0,0.0,7.714285714285714,0.0,2.4285714285714284,0.0,1.0,22.467918,80.94409,1.5000001,12.77,0.0
6,0.0,0.0,7.714285714285714,0.0,2.4285714285714284,0.0,1.0,22.255417,87.166046,5.799999,12.29,0.0
0,0.0,20.0,5.0,0.0,2.142857142857143,0.0,0.7142857142857143,21.95542,79.91401,1.9,10.79,1.0
1,1.0,9.0,5.142857142857143,1.0,1.8571428571428572,0.0,0.5714285714285714,21.634588,81.909836,1.3000001,10.65,10.0
2,10.0,10.0,5.714285714285714,3.0,1.7142857142857142,0.0,0.42857142857142855,22.407501,85.1355,1.9000001,13.42,14.0
3,14.0,15.0,5.428571428571429,4.0,1.5714285714285714,0.0,0.14285714285714285,24.324165,80.67696,0.2,10.63,13.0
4,13.0,0.0,5.428571428571429,3.0,1.5714285714285714,1.0,0.14285714285714285,24.061666,82.94218,0.8,10.8,0.0
5,0.0,0.0,5.428571428571429,0.0,1.5714285714285714,0.0,0.14285714285714285,24.609587,82.82697,0.3,11.42,0.0
6,0.0,0.0,5.428571428571429,0.0,1.5714285714285714,0.0,0.14285714285714285,24.207499,87.172356,2.3000002,10.17,0.0
0,0.0,1.0,6.857142857142857,0.0,1.8571428571428572,0.0,0.14285714285714285,23.188751,84.66777,1.5000001,6.85,11.0
1,11.0,10.0,6.285714285714286,3.0,1.8571428571428572,0.0,0.14285714285714285,21.961668,80.83773,3.8999999,4.39,6.0
2,6.0,14.0,4.285714285714286,3.0,1.2857142857142858,0.0,0.14285714285714285,21.359587,81.21395,2.7999997,4.61,0.0
3,0.0,13.0,4.0,0.0,1.0,0.0,0.2857142857142857,21.555418,75.74108,1.3000001,7.71,11.0
4,11.0,0.0,4.0,1.0,1.0,2.0,0.2857142857142857,21.432503,78.13175,1.1,13.23,0.0
5,0.0,0.0,4.0,0.0,1.0,0.0,0.2857142857142857,21.888748,77.21325,0.6,15.68,0.0
6,0.0,0.0,4.0,0.0,1.0,0.0,0.2857142857142857,21.928337,78.881805,0.8,11.48,0.0
0,0.0,11.0,4.285714285714286,0.0,1.2857142857142858,0.0,0.5714285714285714,22.1825,79.899864,0.90000004,10.8,13.0
1,13.0,6.0,4.285714285714286,5.0,1.0,2.0,0.8571428571428571,23.403336,79.24703,1.0,12.16,6.0
2,6.0,0.0,4.428571428571429,1.0,1.1428571428571428,2.0,0.8571428571428571,24.199165,78.40416,0.4,11.36,1.0
3,1.0,11.0,2.857142857142857,1.0,1.0,0.0,0.5714285714285714,24.753336,80.00878,0.9000001,11.87,0.0
4,0.0,0.0,2.857142857142857,0.0,1.0,0.0,0.5714285714285714,25.055414,80.66546,1.2,10.4,0.0
5,0.0,0.0,2.857142857142857,0.0,1.0,0.0,0.5714285714285714,25.353333,78.89419,0.0,8.48,0.0
6,0.0,0.0,2.857142857142857,0.0,1.0,0.0,0.5714285714285714,25.165833,80.22694,0.0,8.44,0.0
0,0.0,13.0,1.0,0.0,0.2857142857142857,0.0,0.2857142857142857,24.999168,77.4246,0.2,8.84,0.0
1,0.0,6.0,1.4285714285714286,0.0,0.42857142857142855,0.0,0.0,24.317915,77.29853,0.0,7.92,9.0
2,9.0,1.0,1.2857142857142858,2.0,0.2857142857142857,0.0,0.0,24.805414,76.15269,0.0,7.9,0.0
3,0.0,0.0,1.2857142857142858,0.0,0.2857142857142857,0.0,0.0,24.951254,79.59631,1.0,8.88,0.0
4,0.0,0.0,1.2857142857142858,0.0,0.2857142857142857,0.0,0.0,24.230421,75.43731,2.1,7.83,0.0
5,0.0,0.0,1.2857142857142858,0.0,0.2857142857142857,0.0,0.0,22.894999,81.04038,7.7999997,5.99,0.0
6,0.0,0.0,1.2857142857142858,0.0,0.2857142857142857,0.0,0.0,21.484583,81.40481,3.8999994,9.25,0.0
0,0.0,0.0,1.2857142857142858,0.0,0.2857142857142857,0.0,0.0,22.420004,78.9041,0.1,10.48,0.0
1,0.0,9.0,0.0,0.0,0.0,0.0,0.0,24.817917,77.92649,0.3,15.77,0.0
2,0.0,0.0,0.0,0.0,0.0,0.0,0.0,25.103334,77.365776,0.4,16.47,0.0
3,0.0,0.0,0.0,0.0,0.0,0.0,0.0,25.055418,75.24464,0.3,11.85,0.0
4,0.0,0.0,0.0,0.0,0.0,0.0,0.0,25.740835,69.5665,0.1,8.49,0.0
5,0.0,0.0,0.0,0.0,0.0,0.0,0.0,25.015833,75.79016,0.3,8.1,0.0
6,0.0,0.0,0.0,0.0,0.0,0.0,0.0,25.349167,74.92286,0.0,10.08,0.0
0,0.0,0.0,0.0,0.0,0.0,0.0,0.0,25.222084,72.793175,0.0,9.39,0.0
1,0.0,0.0,0.0,0.0,0.0,0.0,0.0,25.3575,72.76243,0.0,8.44,0.0
2,0.0,0.0,0.0,0.0,0.0,0.0,0.0,25.76792,75.39892,0.0,11.88,0.0
3,0.0,0.0,0.0,0.0,0.0,0.0,0.0,25.928331,76.749596,0.9000001,11.42,0.0
4,0.0,0.0,0.0,0.0,0.0,0.0,0.0,26.095007,72.675644,0.70000005,10.46,0.0
5,0.0,0.0,0.0,0.0,0.0,0.0,0.0,25.949167,79.3964,3.3000002,7.2,0.0
6,0.0,0.0,0.0,0.0,0.0,0.0,0.0,25.413755,71.570274,0.8,7.7,0.0
0,0.0,0.0,0.0,0.0,0.0,0.0,0.0,24.867922,70.79525,1.3000001,7.18,0.0
1,0.0,0.0,0.0,0.0,0.0,0.0,0.0,24.447083,72.52004,0.8000001,8.9,0.0
2,0.0,0.0,0.0,0.0,0.0,0.0,0.0,24.742918,72.33547,0.0,10.88,0.0
3,0.0,0.0,0.0,0.0,0.0,0.0,0.0,25.747084,71.00162,0.0,13.1,0.0
4,0.0,0.0,0.0,0.0,0.0,0.0,0.0,24.836668,81.020966,8.7,13.35,0.0
5,0.0,0.0,0.0,0.0,0.0,0.0,0.0,24.415834,82.37122,1.5,13.15,0.0
6,0.0,0.0,0.0,0.0,0.0,0.0,0.0,24.730417,81.61361,0.0,7.91,0.0
0,0.0,0.0,0.0,0.0,0.0,0.0,0.0,26.6575,75.90038,0.0,9.5,0.0
1,0.0,0.0,0.42857142857142855,0.0,0.7142857142857143,0.0,0.0,26.678331,74.85007,0.0,5.8,3.0
2,3.0,0.0,0.7142857142857143,5.0,1.0,0.0,0.0,26.753334,73.98353,0.1,8.55,2.0
3,2.0,0.0,0.7142857142857143,2.0,1.0,0.0,0.0,24.02625,87.861824,13.599999,14.67,0.0
4,0.0,0.0,0.7142857142857143,0.0,1.0,0.0,0.0,23.195002,87.80891,7.7000003,14.5,0.0
5,0.0,0.0,0.7142857142857143,0.0,1.0,0.0,0.0,24.42,74.3745,1.3000001,8.98,0.0
6,0.0,0.0,0.7142857142857143,0.0,1.0,0.0,0.0,25.724169,69.42571,0.0,14.28,0.0
0,0.0,0.0,0.7142857142857143,0.0,1.0,0.0,0.0,25.797087,79.8802,4.7,18.71,0.0
1,0.0,3.0,0.42857142857142855,0.0,0.2857142857142857,0.0,0.0,23.161667,84.94163,5.1999993,13.69,1.0
2,1.0,2.0,0.14285714285714285,0.0,0.0,0.0,0.0,25.144997,73.60728,0.3,12.78,0.0
3,0.0,0.0,0.14285714285714285,0.0,0.0,0.0,0.0,25.978333,70.18412,1.0,16.09,0.0
4,0.0,0.0,0.14285714285714285,0.0,0.0,0.0,0.0,26.265833,75.11863,1.1,16.61,0.0
5,0.0,0.0,0.14285714285714285,0.0,0.0,0.0,0.0,26.501251,74.546875,0.4,13.0,0.0
6,0.0,0.0,0.14285714285714285,0.0,0.0,0.0,0.0,26.499163,67.57931,0.8000001,13.2,0.0
0,0.0,0.0,0.14285714285714285,0.0,0.0,0.0,0.0,25.767914,70.40435,0.0,16.65,0.0
1,0.0,1.0,0.0,0.0,0.0,0.0,0.0,24.363752,82.13391,12.300001,13.64,0.0
2,0.0,0.0,0.14285714285714285,0.0,0.0,0.0,0.0,23.795004,77.70286,1.7000002,10.29,1.0
3,1.0,0.0,0.42857142857142855,0.0,0.0,0.0,0.0,25.53042,70.26853,0.1,14.18,2.0
4,2.0,0.0,0.42857142857142855,0.0,0.0,0.0,0.0,25.534586,77.88447,1.2,15.9,0.0
5,0.0,0.0,0.42857142857142855,0.0,0.0,0.0,0.0,26.580414,74.16689,0.0,14.21,0.0
6,0.0,0.0,0.42857142857142855,0.0,0.0,0.0,0.0,27.232504,71.87681,0.0,11.96,0.0
0,0.0,0.0,0.42857142857142855,0.0,0.0,0.0,0.0,27.482504,71.8632,0.0,11.87,0.0
1,0.0,0.0,0.42857142857142855,0.0,0.0,0.0,0.0,26.228334,88.449005,23.2,9.9,0.0
2,0.0,1.0,0.2857142857142857,0.0,0.0,0.0,0.0,27.01375,85.535675,10.199999,6.11,0.0
3,0.0,2.0,0.0,0.0,0.0,0.0,0.0,27.394997,80.7386,0.5,6.17,0.0
4,0.0,0.0,0.0,0.0,0.0,0.0,0.0,28.3575,72.411354,0.0,8.49,0.0
5,0.0,0.0,0.0,0.0,0.0,0.0,0.0,27.615835,65.868484,0.0,9.13,0.0
6,0.0,0.0,0.0,0.0,0.0,0.0,0.0,27.670006,66.88447,0.0,5.8,0.0
0,0.0,0.0,0.0,0.0,0.0,0.0,0.0,27.365835,67.125114,0.0,9.03,0.0
1,0.0,0.0,0.0,0.0,0.0,0.0,0.0,26.849167,69.45098,0.0,5.59,0.0
2,0.0,0.0,0.0,0.0,0.0,0.0,0.0,28.292921,68.69715,0.0,6.45,0.0
3,0.0,0.0,0.0,0.0,0.0,0.0,0.0,28.442919,66.49245,0.0,7.3,0.0
4,0.0,0.0,0.0,0.0,0.0,0.0,0.0,27.949167,69.51813,0.7,9.99,0.0
5,0.0,0.0,0.0,0.0,0.0,0.0,0.0,28.409586,68.059425,0.0,10.65,0.0
6,0.0,0.0,0.0,0.0,0.0,0.0,0.0,29.16375,66.42214,0.0,9.65,0.0
0,0.0,0.0,0.0,0.0,0.0,0.0,0.0,29.380417,65.84469,0.0,7.9,0.0
1,0.0,0.0,0.0,0.0,0.0,0.0,0.0,28.297087,72.01972,3.6,12.21,0.0
2,0.0,0.0,0.0,0.0,0.0,0.0,0.0,28.359583,71.7213,0.8000001,15.87,0.0
3,0.0,0.0,0.0,0.0,0.0,0.0,0.0,29.159586,63.50876,0.0,15.71,0.0
4,0.0,0.0,0.0,0.0,0.0,0.0,0.0,29.295,60.96809,0.0,10.47,0.0
5,0.0,0.0,0.0,0.0,0.0,0.0,0.0,29.249166,61.325413,0.0,6.75,0.0
6,0.0,0.0,0.0,0.0,0.0,0.0,0.0,29.770002,58.70846,0.0,5.4,0.0
0,0.0,0.0,0.0,0.0,0.0,0.0,0.0,29.936668,64.67982,0.0,5.76,0.0
1,0.0,0.0,0.0,0.0,0.0,0.0,0.0,29.70125,63.547962,0.0,7.85,0.0
2,0.0,0.0,0.0,0.0,0.0,0.0,0.0,30.301249,60.199493,0.0,6.75,0.0
3,0.0,0.0,0.0,0.0,0.0,0.0,0.0,30.21375,59.489544,0.0,10.08,0.0
4,0.0,0.0,0.0,0.0,0.0,0.0,0.0,29.426249,59.531082,0.0,16.84,0.0
5,0.0,0.0,0.0,0.0,0.0,0.0,0.0,29.08458,60.966846,0.0,6.56,0.0
6,0.0,0.0,0.0,0.0,0.0,0.0,0.0,29.367918,62.208447,0.0,8.7,0.0
0,0.0,0.0,0.0,0.0,0.0,0.0,0.0,30.5575,62.013172,0.0,6.99,0.0
1,0.0,0.0,0.14285714285714285,0.0,0.0,0.0,0.0,28.972086,75.925316,13.9,8.44,1.0
2,1.0,0.0,0.5714285714285714,0.0,0.14285714285714285,0.0,0.0,29.786667,72.22025,0.1,10.82,3.0
3,3.0,0.0,0.7142857142857143,1.0,0.14285714285714285,0.0,0.0,30.199167,68.454384,0.0,9.02,1.0
4,1.0,0.0,0.7142857142857143,0.0,0.14285714285714285,0.0,0.0,31.076248,62.703094,0.0,8.63,0.0
5,0.0,0.0,0.7142857142857143,0.0,0.14285714285714285,0.0,0.0,29.920004,73.38055,7.8,7.61,0.0
6,0.0,0.0,0.7142857142857143,0.0,0.14285714285714285,0.0,0.0,30.724169,68.86751,0.0,8.62,0.0
0,0.0,0.0,0.7142857142857143,0.0,0.14285714285714285,0.0,0.0,31.349167,57.424088,0.0,10.33,0.0
1,0.0,1.0,0.5714285714285714,0.0,0.14285714285714285,0.0,0.0,30.717913,60.49637,0.0,6.46,0.0
2,0.0,3.0,0.14285714285714285,0.0,0.0,0.0,0.0,30.911669,59.570206,0.0,6.17,0.0
3,0.0,1.0,0.0,0.0,0.0,0.0,0.0,30.890833,58.94238,0.0,8.39,0.0
4,0.0,0.0,0.0,0.0,0.0,0.0,0.0,30.755417,59.06992,0.0,7.4,0.0
5,0.0,0.0,0.0,0.0,0.0,0.0,0.0,31.20125,57.97903,0.0,5.98,0.0
6,0.0,0.0,0.14285714285714285,0.0,0.0,0.0,0.0,31.420004,58.184204,0.0,5.55,1.0
0,1.0,0.0,0.14285714285714285,0.0,0.0,0.0,0.0,30.938751,60.834408,1.0,7.35,0.0
1,0.0,0.0,0.14285714285714285,0.0,0.0,0.0,0.0,30.957499,58.730274,1.4,7.28,0.0
2,0.0,0.0,0.14285714285714285,0.0,0.0,0.0,0.0,27.942917,78.83301,8.1,7.12,0.0
3,0.0,0.0,0.42857142857142855,0.0,0.14285714285714285,0.0,0.0,28.242918,73.69866,1.5,7.21,2.0
4,2.0,0.0,0.5714285714285714,1.0,0.2857142857142857,0.0,0.0,27.23667,83.1817,24.5,6.82,1.0
5,1.0,0.0,0.5714285714285714,1.0,0.2857142857142857,0.0,0.0,29.390837,72.69903,0.0,10.71,0.0
6,0.0,1.0,0.42857142857142855,0.0,0.2857142857142857,0.0,0.0,29.24917,75.7618,12.4,7.6,0.0
0,0.0,0.0,0.8571428571428571,0.0,0.5714285714285714,0.0,0.0,27.890833,82.613335,7.4999995,10.53,3.0
1,3.0,0.0,0.8571428571428571,2.0,0.5714285714285714,0.0,0.0,27.851248,83.576744,12.5,12.06,0.0
2,0.0,0.0,0.8571428571428571,0.0,0.5714285714285714,0.0,0.0,26.50958,87.41149,8.2,8.77,0.0
3,0.0,2.0,0.5714285714285714,0.0,0.42857142857142855,0.0,0.0,26.757502,87.110725,23.2,3.77,0.0
4,0.0,1.0,0.42857142857142855,0.0,0.2857142857142857,0.0,0.0,27.324167,83.33201,0.6,4.25,0.0
5,0.0,0.0,0.42857142857142855,0.0,0.2857142857142857,0.0,0.0,27.009588,88.9191,14.6,6.17,0.0
6,0.0,0.0,0.42857142857142855,0.0,0.2857142857142857,0.0,0.0,27.394997,87.13012,26.4,10.02,0.0
0,0.0,3.0,0.0,0.0,0.0,0.0,0.0,27.934586,84.52307,2.6,10.38,0.0
1,0.0,0.0,0.14285714285714285,0.0,0.0,0.0,0.0,28.651253,80.06812,2.8,9.73,1.0
2,1.0,0.0,0.42857142857142855,0.0,0.42857142857142855,0.0,0.0,29.922081,71.05087,0.1,7.3,2.0
3,2.0,0.0,0.42857142857142855,3.0,0.42857142857142855,0.0,0.0,28.722086,80.06641,4.5,6.85,0.0
4,0.0,0.0,0.7142857142857143,0.0,0.42857142857142855,0.0,0.0,29.565832,74.677666,1.5,8.77,2.0
5,2.0,0.0,0.7142857142857143,0.0,0.42857142857142855,0.0,0.0,26.67,93.9542,28.300001,9.36,0.0
6,0.0,0.0,0.7142857142857143,0.0,0.42857142857142855,0.0,0.0,27.380419,90.187706,18.999998,5.34,0.0
0,0.0,0.0,1.7142857142857142,0.0,0.7142857142857143,0.0,0.14285714285714285,28.055414,83.02235,0.2,8.09,7.0
1,7.0,1.0,2.0,2.0,0.8571428571428571,1.0,0.14285714285714285,28.324167,86.31052,23.500002,12.92,3.0
2,3.0,2.0,2.0,1.0,0.5714285714285714,0.0,0.42857142857142855,29.36583,76.24698,1.3000001,10.82,2.0
3,2.0,0.0,3.142857142857143,1.0,0.7142857142857143,2.0,0.8571428571428571,30.038752,72.33812,0.6,10.68,8.0
4,8.0,2.0,3.0,1.0,0.7142857142857143,3.0,0.8571428571428571,29.905416,74.35409,3.0999997,11.51,1.0
5,1.0,0.0,3.0,0.0,0.7142857142857143,0.0,0.8571428571428571,28.853338,83.32681,13.099999,14.42,0.0
6,0.0,0.0,3.0,0.0,0.7142857142857143,0.0,0.8571428571428571,28.907501,83.053535,10.099999,9.05,0.0
0,0.0,7.0,3.142857142857143,0.0,0.7142857142857143,0.0,1.0,27.242918,89.39746,21.500002,9.73,8.0
1,8.0,3.0,3.5714285714285716,2.0,0.7142857142857143,2.0,1.0,27.101244,89.315834,19.100002,12.03,6.0
2,6.0,2.0,4.714285714285714,1.0,0.7142857142857143,0.0,1.0,27.140837,85.56988,5.8999996,10.04,10.0
3,10.0,8.0,3.5714285714285716,1.0,0.5714285714285714,2.0,0.5714285714285714,26.91375,86.44986,5.1000004,9.42,0.0
4,0.0,1.0,3.5714285714285716,0.0,0.5714285714285714,0.0,0.7142857142857143,27.028336,87.26064,7.4,8.68,1.0
5,1.0,0.0,3.5714285714285716,0.0,0.5714285714285714,1.0,0.7142857142857143,28.003334,84.764565,15.7,14.21,0.0
6,0.0,0.0,3.5714285714285716,0.0,0.5714285714285714,0.0,0.7142857142857143,27.284582,86.1679,10.2,15.97,0.0
0,0.0,8.0,3.5714285714285716,0.0,0.2857142857142857,0.0,0.7142857142857143,28.24292,82.97633,0.6,14.21,8.0
1,8.0,6.0,2.857142857142857,0.0,0.14285714285714285,2.0,0.7142857142857143,28.91375,81.95534,14.3,14.44,1.0
2,1.0,10.0,1.5714285714285714,0.0,0.0,0.0,0.42857142857142855,28.447083,82.60403,2.0,9.83,1.0
3,1.0,0.0,2.5714285714285716,0.0,0.14285714285714285,0.0,0.5714285714285714,28.995003,81.29319,6.5,16.82,7.0
4,7.0,1.0,2.4285714285714284,1.0,0.14285714285714285,1.0,0.42857142857142855,29.086664,78.10288,3.7,22.52,0.0
5,0.0,0.0,2.4285714285714284,0.0,0.14285714285714285,0.0,0.42857142857142855,28.295,82.90335,7.5,20.58,0.0
6,0.0,0.0,2.4285714285714284,0.0,0.14285714285714285,0.0,0.42857142857142855,27.863747,84.76439,2.6,8.95,0.0
0,0.0,8.0,1.2857142857142858,0.0,0.14285714285714285,0.0,0.14285714285714285,27.680414,86.26815,16.6,8.48,0.0
1,0.0,1.0,1.5714285714285714,0.0,0.5714285714285714,0.0,0.14285714285714285,27.063751,87.70652,16.7,7.33,3.0
2,3.0,1.0,1.4285714285714286,3.0,0.5714285714285714,0.0,0.14285714285714285,28.274164,83.00681,2.9,7.18,0.0
3,0.0,7.0,0.7142857142857143,0.0,0.5714285714285714,0.0,0.14285714285714285,29.222082,77.705284,2.5,8.22,2.0
4,2.0,0.0,0.7142857142857143,1.0,0.5714285714285714,1.0,0.14285714285714285,29.93458,69.90264,0.1,7.36,0.0
5,0.0,0.0,0.7142857142857143,0.0,0.5714285714285714,0.0,0.14285714285714285,28.195,82.32956,19.499998,6.72,0.0
6,0.0,0.0,0.7142857142857143,0.0,0.5714285714285714,0.0,0.14285714285714285,27.309586,85.792145,5.1,10.01,0.0
0,0.0,0.0,0.7142857142857143,0.0,0.5714285714285714,0.0,0.14285714285714285,27.978334,82.44644,0.6,9.19,0.0
1,0.0,3.0,0.2857142857142857,0.0,0.14285714285714285,0.0,0.14285714285714285,27.167917,86.4011,11.300001,6.83,0.0
2,0.0,0.0,0.2857142857142857,0.0,0.14285714285714285,0.0,0.14285714285714285,27.67417,84.98367,6.3999996,6.35,0.0
3,0.0,2.0,0.0,0.0,0.0,0.0,0.0,28.519997,80.61362,5.0,6.2,0.0
4,0.0,0.0,0.0,0.0,0.0,0.0,0.0,28.805414,78.72139,0.5,7.06,0.0
5,0.0,0.0,0.0,0.0,0.0,0.0,0.0,27.567915,84.008446,7.3,8.88,0.0
6,0.0,0.0,0.0,0.0,0.0,0.0,0.0,27.703337,82.899315,3.2,9.38,0.0
0,0.0,0.0,0.0,0.0,0.0,0.0,0.0,27.1575,84.47285,6.5,6.43,0.0
1,0.0,0.0,0.0,0.0,0.0,0.0,0.0,28.6825,79.045876,0.3,7.26,0.0
2,0.0,0.0,0.0,0.0,0.0,0.0,0.0,27.815832,83.72742,8.299999,10.08,0.0
3,0.0,0.0,0.0,0.0,0.0,0.0,0.0,27.53042,85.13373,6.4999995,9.98,0.0
4,0.0,0.0,0.0,0.0,0.0,0.0,0.0,27.90959,82.35199,3.8000002,7.13,0.0
5,0.0,0.0,0.0,0.0,0.0,0.0,0.0,27.205416,85.49798,6.7,8.28,0.0
6,0.0,0.0,0.0,0.0,0.0,0.0,0.0,27.29917,84.44507,23.400002,6.58,0.0
0,0.0,0.0,0.0,0.0,0.0,0.0,0.0,26.747086,88.99911,11.9,7.56,0.0
1,0.0,0.0,0.0,0.0,0.0,0.0,0.0,27.803335,82.90824,21.5,8.5,0.0
2,0.0,0.0,0.0,0.0,0.0,0.0,0.0,28.040834,82.25887,9.7,6.98,0.0
3,0.0,0.0,0.0,0.0,0.0,0.0,0.0,27.326254,84.034294,14.4,6.12,0.0
4,0.0,0.0,0.0,0.0,0.0,0.0,0.0,27.20542,86.45609,10.2,7.0,0.0
5,0.0,0.0,0.0,0.0,0.0,0.0,0.0,27.686668,86.4947,2.5,6.76,0.0
6,0.0,0.0,0.0,0.0,0.0,0.0,0.0,27.624166,83.20917,2.6999998,4.84,0.0
0,0.0,0.0,0.0,0.0,0.0,0.0,0.0,28.347086,78.37714,0.5,5.97,0.0
1,0.0,0.0,0.0,0.0,0.0,0.0,0.0,26.92,90.34781,11.400001,9.02,0.0
2,0.0,0.0,0.0,0.0,0.0,0.0,0.0,28.12417,85.35449,4.1,7.77,0.0
3,0.0,0.0,0.0,0.0,0.0,0.0,0.0,28.249166,80.66204,5.799999,6.32,0.0
4,0.0,0.0,0.0,0.0,0.0,0.0,0.0,28.33875,81.8722,17.3,5.95,0.0
5,0.0,0.0,0.0,0.0,0.0,0.0,0.0,26.465834,94.73568,11.7,6.42,0.0
6,0.0,0.0,0.0,0.0,0.0,0.0,0.0,26.219995,93.55746,16.600002,10.41,0.0
0,0.0,0.0,0.0,0.0,0.0,0.0,0.0,25.222086,96.58563,23.6,9.15,0.0
1,0.0,0.0,0.0,0.0,0.0,0.0,0.0,26.934584,83.59133,14.499999,5.08,0.0
2,0.0,0.0,0.0,0.0,0.0,0.0,0.0,29.528336,68.60256,0.0,2.98,0.0
3,0.0,0.0,0.0,0.0,0.0,0.0,0.0,30.03875,67.2554,0.0,2.36,0.0
4,0.0,0.0,0.0,0.0,0.0,0.0,0.0,28.059586,79.80182,15.5,4.85,0.0
5,0.0,0.0,0.0,0.0,0.0,0.0,0.0,26.463747,90.07865,38.6,9.24,0.0
6,0.0,0.0,0.0,0.0,0.0,0.0,0.0,26.6825,87.7432,18.400002,11.22,0.0
0,0.0,0.0,0.0,0.0,0.0,0.0,0.0,26.9325,86.82761,25.6,11.57,0.0
1,0.0,0.0,0.0,0.0,0.0,0.0,0.0,26.811668,87.6836,5.2,7.77,0.0
2,0.0,0.0,0.0,0.0,0.0,0.0,0.0,26.911667,87.52363,5.7,9.71,0.0
3,0.0,0.0,0.0,0.0,0.0,0.0,0.0,27.074173,86.50098,8.799999,9.72,0.0
4,0.0,0.0,0.0,0.0,0.0,0.0,0.0,27.159582,82.85178,2.8000002,7.11,0.0
5,0.0,0.0,0.0,0.0,0.0,0.0,0.0,26.832504,86.80826,22.2,5.55,0.0
6,0.0,0.0,0.0,0.0,0.0,0.0,0.0,26.563751,87.762276,9.300001,8.62,0.0
0,0.0,0.0,0.0,0.0,0.0,0.0,0.0,27.336664,81.854965,0.4,12.29,0.0
1,0.0,0.0,0.0,0.0,0.0,0.0,0.0,28.342916,81.40033,6.9,8.77,0.0
2,0.0,0.0,0.14285714285714285,0.0,0.14285714285714285,0.0,0.0,27.888748,85.72736,14.4,7.18,1.0
3,1.0,0.0,0.14285714285714285,1.0,0.14285714285714285,0.0,0.0,28.159582,83.672966,3.3,9.42,0.0
4,0.0,0.0,0.14285714285714285,0.0,0.14285714285714285,0.0,0.0,27.759584,85.18648,13.5,8.68,0.0
5,0.0,0.0,0.14285714285714285,0.0,0.14285714285714285,0.0,0.0,28.222082,80.775314,2.0,8.44,0.0
6,0.0,0.0,0.14285714285714285,0.0,0.14285714285714285,0.0,0.0,28.301247,81.51952,8.400001,9.1,0.0
0,0.0,0.0,0.8571428571428571,0.0,0.2857142857142857,0.0,0.0,27.682508,86.16749,16.6,9.71,5.0
1,5.0,0.0,1.4285714285714286,1.0,0.42857142857142855,0.0,0.14285714285714285,27.734583,86.37811,19.699997,6.36,4.0
2,4.0,1.0,2.0,1.0,0.5714285714285714,1.0,0.2857142857142857,27.661667,87.16975,36.8,7.8,5.0
3,5.0,0.0,2.7142857142857144,2.0,1.0,1.0,0.42857142857142855,27.572083,86.7124,10.4,5.62,5.0
4,5.0,0.0,2.7142857142857144,3.0,1.0,1.0,0.42857142857142855,27.386671,87.97351,5.7,6.8,0.0
5,0.0,0.0,2.7142857142857144,0.0,1.0,0.0,0.42857142857142855,28.440832,83.66063,10.8,13.04,0.0
6,0.0,0.0,2.7142857142857144,0.0,1.0,0.0,0.42857142857142855,27.565834,85.5389,10.0,17.25,0.0
0,0.0,5.0,3.142857142857143,0.0,1.1428571428571428,0.0,0.8571428571428571,27.617918,84.876595,17.4,19.15,8.0
1,8.0,4.0,4.142857142857143,2.0,1.2857142857142858,3.0,1.2857142857142858,27.184586,85.75457,14.3,11.7,11.0
2,11.0,5.0,4.0,2.0,1.1428571428571428,4.0,1.1428571428571428,27.644999,83.262955,1.4,7.89,4.0
3,4.0,5.0,3.5714285714285716,1.0,0.7142857142857143,0.0,1.0,27.06375,85.53013,5.9,6.48,2.0
4,2.0,0.0,3.5714285714285716,0.0,0.7142857142857143,0.0,1.0,27.186668,85.5216,10.1,9.88,0.0
5,0.0,0.0,3.5714285714285716,0.0,0.7142857142857143,0.0,1.0,26.322084,88.6083,24.199999,9.46,0.0
6,0.0,0.0,8.428571428571429,0.0,1.0,0.0,1.0,26.605417,86.371315,13.3,8.99,34.0
0,34.0,8.0,7.285714285714286,2.0,0.7142857142857143,0.0,0.5714285714285714,27.142916,86.039825,18.5,8.1,0.0
1,0.0,11.0,5.714285714285714,0.0,0.42857142857142855,0.0,0.0,26.361666,90.57563,12.6,9.42,0.0
2,0.0,4.0,5.428571428571429,0.0,0.2857142857142857,0.0,0.0,27.078337,88.58781,7.2,12.15,2.0
3,2.0,2.0,5.142857142857143,0.0,0.2857142857142857,0.0,0.0,27.217918,89.5572,10.200001,12.37,0.0
4,0.0,0.0,5.142857142857143,0.0,0.2857142857142857,0.0,0.0,28.172081,87.059425,7.6,13.23,0.0
5,0.0,0.0,5.142857142857143,0.0,0.2857142857142857,0.0,0.0,27.395002,87.879944,18.300001,9.85,0.0
6,0.0,34.0,0.2857142857142857,0.0,0.0,0.0,0.0,25.492918,94.526955,72.1,10.4,0.0
0,0.0,0.0,0.2857142857142857,0.0,0.0,0.0,0.0,28.472084,74.78086,0.4,6.65,0.0
1,0.0,0.0,0.2857142857142857,0.0,0.0,0.0,0.0,27.542917,84.79626,6.7999997,2.82,0.0
2,0.0,2.0,0.0,0.0,0.0,0.0,0.0,26.534586,92.861824,2.3999999,4.6,0.0
3,0.0,0.0,0.0,0.0,0.0,0.0,0.0,27.578333,86.08621,8.5,5.66,0.0
4,0.0,0.0,0.0,0.0,0.0,0.0,0.0,26.970001,90.96862,14.700001,7.15,0.0
5,0.0,0.0,0.0,0.0,0.0,0.0,0.0,26.938753,90.51035,6.8999996,10.02,0.0
6,0.0,0.0,0.0,0.0,0.0,0.0,0.0,26.62417,87.767876,4.7999997,9.61,0.0
0,0.0,0.0,0.2857142857142857,0.0,0.14285714285714285,0.0,0.0,26.686668,85.56552,10.8,10.4,2.0
1,2.0,0.0,0.2857142857142857,1.0,0.14285714285714285,0.0,0.0,26.578337,88.663445,12.7,7.48,0.0
2,0.0,0.0,1.0,0.0,0.42857142857142855,0.0,0.2857142857142857,26.209585,91.29771,22.2,5.62,5.0
3,5.0,0.0,2.0,2.0,0.7142857142857143,2.0,0.2857142857142857,25.734587,92.27895,20.500002,6.6,7.0
4,7.0,0.0,2.7142857142857144,2.0,0.8571428571428571,0.0,0.42857142857142855,25.974167,92.57006,29.099998,5.32,5.0
5,5.0,0.0,2.7142857142857144,1.0,0.8571428571428571,1.0,0.42857142857142855,25.555418,94.94452,17.699999,6.24,0.0
6,0.0,0.0,2.7142857142857144,0.0,0.8571428571428571,0.0,0.42857142857142855,24.822083,94.97103,38.2,8.32,0.0
0,0.0,2.0,3.2857142857142856,0.0,1.0,0.0,0.42857142857142855,24.859589,98.07868,38.0,9.72,6.0
1,6.0,0.0,3.2857142857142856,2.0,1.0,0.0,0.42857142857142855,26.332502,90.261536,22.700005,9.32,0.0
2,0.0,5.0,2.5714285714285716,0.0,0.7142857142857143,0.0,0.14285714285714285,27.176252,88.445274,9.500001,10.83,0.0
3,0.0,7.0,1.5714285714285714,0.0,0.42857142857142855,0.0,0.14285714285714285,26.495003,92.019775,8.900001,9.5,0.0
4,0.0,5.0,0.8571428571428571,0.0,0.2857142857142857,0.0,0.0,25.940836,89.92437,6.0000005,9.58,0.0
5,0.0,0.0,0.8571428571428571,0.0,0.2857142857142857,0.0,0.0,26.536667,85.54627,0.8,8.64,0.0
6,0.0,0.0,0.8571428571428571,0.0,0.2857142857142857,0.0,0.0,28.134584,81.86676,9.5,10.72,0.0
0,0.0,6.0,0.0,0.0,0.0,0.0,0.0,27.303335,86.1673,13.1,14.62,0.0
1,0.0,0.0,0.0,0.0,0.0,0.0,0.0,28.034582,81.7011,0.1,11.01,0.0
2,0.0,0.0,0.0,0.0,0.0,0.0,0.0,27.73667,83.557755,0.5,10.5,0.0
3,0.0,0.0,0.0,0.0,0.0,0.0,0.0,26.995,86.37389,0.0,9.31,0.0
4,0.0,0.0,0.0,0.0,0.0,0.0,0.0,26.917915,88.1287,2.3,10.24,0.0
5,0.0,0.0,0.14285714285714285,0.0,0.14285714285714285,0.0,0.0,26.401253,90.23528,14.000001,11.45,1.0
6,1.0,0.0,0.14285714285714285,1.0,0.14285714285714285,0.0,0.0,26.40125,84.344635,18.099998,8.9,0.0
0,0.0,0.0,0.2857142857142857,0.0,0.14285714285714285,0.0,0.0,28.467918,69.92388,0.0,2.63,1.0
1,1.0,0.0,0.7142857142857143,0.0,0.2857142857142857,0.0,0.0,28.407501,75.22582,0.0,5.52,3.0
2,3.0,0.0,1.0,1.0,0.2857142857142857,0.0,0.0,27.178335,85.94222,11.600001,7.29,2.0
3,2.0,0.0,1.0,0.0,0.2857142857142857,0.0,0.0,26.50125,88.80139,5.6999993,12.39,0.0
4,0.0,0.0,1.0,0.0,0.2857142857142857,0.0,0.0,25.947083,89.676575,14.3,11.72,0.0
5,0.0,1.0,0.8571428571428571,0.0,0.14285714285714285,0.0,0.0,25.803331,87.88754,1.6000001,9.56,0.0
6,0.0,0.0,0.8571428571428571,0.0,0.14285714285714285,0.0,0.0,26.409584,84.7795,2.3000002,7.82,0.0
0,0.0,1.0,3.0,0.0,0.42857142857142855,0.0,0.2857142857142857,26.190832,88.34023,9.0,5.92,16.0
1,16.0,3.0,2.5714285714285716,2.0,0.2857142857142857,2.0,0.2857142857142857,25.655416,89.47892,17.300001,7.55,0.0
2,0.0,2.0,2.7142857142857144,0.0,0.42857142857142855,0.0,0.2857142857142857,25.892914,90.20621,13.6,7.4,3.0
3,3.0,0.0,2.7142857142857144,1.0,0.42857142857142855,0.0,0.2857142857142857,25.484583,91.39208,34.700005,11.53,0.0
4,0.0,0.0,2.7142857142857144,0.0,0.42857142857142855,0.0,0.2857142857142857,25.438745,93.24255,41.899994,9.4,0.0
5,0.0,0.0,2.7142857142857144,0.0,0.42857142857142855,0.0,0.2857142857142857,25.465836,91.97143,18.3,4.64,0.0
6,0.0,0.0,2.7142857142857144,0.0,0.42857142857142855,0.0,0.2857142857142857,25.597084,91.17385,11.3,5.86,0.0
0,0.0,16.0,2.142857142857143,0.0,0.42857142857142855,0.0,0.0,26.013748,89.407906,4.1,5.27,12.0
1,12.0,0.0,2.857142857142857,2.0,0.7142857142857143,0.0,0.14285714285714285,26.805414,80.59258,0.2,8.91,5.0
2,5.0,3.0,3.142857142857143,2.0,0.7142857142857143,1.0,0.2857142857142857,26.472086,82.63775,1.0,9.08,5.0
3,5.0,0.0,3.2857142857142856,1.0,0.8571428571428571,1.0,0.2857142857142857,26.711668,86.584564,6.3,12.32,1.0
4,1.0,0.0,3.4285714285714284,1.0,1.0,0.0,0.2857142857142857,26.707499,86.388756,10.9,11.24,1.0
5,1.0,0.0,3.857142857142857,1.0,1.0,0.0,0.42857142857142855,26.269999,88.78939,21.199999,5.86,3.0
6,3.0,0.0,3.857142857142857,0.0,1.0,1.0,0.42857142857142855,26.38875,84.17288,12.000002,7.42,0.0
0,0.0,12.0,3.2857142857142856,0.0,1.0,0.0,0.7142857142857143,27.197084,78.14109,4.2999997,6.42,8.0
1,8.0,5.0,3.142857142857143,2.0,0.8571428571428571,2.0,0.7142857142857143,25.495,92.23789,45.900005,5.38,4.0
2,4.0,5.0,2.4285714285714284,1.0,0.7142857142857143,1.0,0.5714285714285714,25.236666,97.4433,142.3,1.47,0.0
3,0.0,1.0,2.2857142857142856,0.0,0.5714285714285714,0.0,0.5714285714285714,27.659582,77.99755,9.5,4.02,0.0
4,0.0,1.0,2.142857142857143,0.0,0.42857142857142855,0.0,0.5714285714285714,27.099167,77.818115,0.0,8.72,0.0
5,0.0,3.0,1.7142857142857142,0.0,0.42857142857142855,0.0,0.42857142857142855,26.6075,83.7492,7.8,11.31,0.0
6,0.0,0.0,1.7142857142857142,0.0,0.42857142857142855,0.0,0.42857142857142855,26.711664,81.902054,1.8000001,10.35,0.0
0,0.0,8.0,0.5714285714285714,0.0,0.14285714285714285,0.0,0.14285714285714285,26.199167,83.087364,3.2000003,10.65,0.0
1,0.0,4.0,0.0,0.0,0.0,0.0,0.0,25.242914,90.887825,0.7,5.49,0.0
2,0.0,0.0,0.0,0.0,0.0,0.0,0.0,28.56375,72.773705,0.0,4.12,0.0
3,0.0,0.0,0.0,0.0,0.0,0.0,0.0,28.24291,78.40535,0.0,4.52,0.0
4,0.0,0.0,0.0,0.0,0.0,0.0,0.0,27.695,79.939735,0.70000005,7.89,0.0
5,0.0,0.0,0.0,0.0,0.0,0.0,0.0,26.622086,82.89253,0.8000001,7.84,0.0
6,0.0,0.0,0.0,0.0,0.0,0.0,0.0,25.451254,87.11318,12.000001,8.1,0.0
0,0.0,0.0,0.0,0.0,0.0,0.0,0.0,24.722086,89.01057,51.399998,5.49,0.0
1,0.0,0.0,0.0,0.0,0.0,0.0,0.0,25.667917,79.28045,1.1000001,3.32,0.0
2,0.0,0.0,0.0,0.0,0.0,0.0,0.0,26.447084,81.62497,15.100001,4.84,0.0
3,0.0,0.0,0.0,0.0,0.0,0.0,0.0,28.415834,72.35645,0.5,5.21,0.0
4,0.0,0.0,0.0,0.0,0.0,0.0,0.0,27.345001,79.70504,0.2,9.11,0.0
5,0.0,0.0,0.0,0.0,0.0,0.0,0.0,25.97625,87.00875,7.8999996,8.11,0.0
6,0.0,0.0,0.0,0.0,0.0,0.0,0.0,24.22,95.83781,125.6,6.02,0.0
0,0.0,0.0,0.0,0.0,0.0,0.0,0.0,27.051249,85.48402,1.2,4.17,0.0
1,0.0,0.0,0.0,0.0,0.0,0.0,0.0,26.547087,85.34384,5.0,12.32,0.0
2,0.0,0.0,0.0,0.0,0.0,0.0,0.0,25.738749,85.65154,51.6,17.24,0.0
3,0.0,0.0,0.0,0.0,0.0,0.0,0.0,27.978333,75.08726,0.0,9.18,0.0
4,0.0,0.0,0.0,0.0,0.0,0.0,0.0,26.46375,83.75584,1.1,16.43,0.0
5,0.0,0.0,0.0,0.0,0.0,0.0,0.0,24.903336,90.3551,96.600006,21.28,0.0
6,0.0,0.0,0.0,0.0,0.0,0.0,0.0,25.695002,86.74051,23.800001,7.62,0.0
0,0.0,0.0,0.0,0.0,0.0,0.0,0.0,25.95125,85.69164,1.0,6.95,0.0
1,0.0,0.0,0.0,0.0,0.0,0.0,0.0,26.02833,87.98095,2.2,10.71,0.0
2,0.0,0.0,0.0,0.0,0.0,0.0,0.0,26.272085,84.44731,1.2,14.63,0.0
3,0.0,0.0,0.0,0.0,0.0,0.0,0.0,25.742918,86.91216,0.90000004,11.26,0.0
4,0.0,0.0,0.0,0.0,0.0,0.0,0.0,25.62625,85.08146,1.3000001,18.19,0.0
5,0.0,0.0,0.0,0.0,0.0,0.0,0.0,25.249168,86.57263,4.7,14.55,0.0
6,0.0,0.0,0.0,0.0,0.0,0.0,0.0,24.534584,87.93778,25.600002,6.28,0.0
0,0.0,0.0,0.0,0.0,0.0,0.0,0.0,25.265833,87.12971,4.9000006,7.28,0.0
1,0.0,0.0,0.0,0.0,0.0,0.0,0.0,25.170004,86.23113,9.5,5.5,0.0
2,0.0,0.0,0.14285714285714285,0.0,0.0,0.0,0.14285714285714285,24.490835,89.07728,37.399994,6.01,1.0
3,1.0,0.0,0.14285714285714285,0.0,0.0,1.0,0.14285714285714285,24.165833,87.47129,6.8,4.88,0.0
4,0.0,0.0,0.14285714285714285,0.0,0.0,0.0,0.14285714285714285,23.403334,84.72007,3.4999998,5.92,0.0
5,0.0,0.0,0.14285714285714285,0.0,0.0,0.0,0.14285714285714285,24.378334,84.22319,1.7,9.75,0.0
6,0.0,0.0,0.14285714285714285,0.0,0.0,0.0,0.14285714285714285,24.297083,90.62037,25.0,15.32,0.0
0,0.0,0.0,0.14285714285714285,0.0,0.0,0.0,0.14285714285714285,24.399168,93.31909,113.09999,14.17,0.0
1,0.0,0.0,0.14285714285714285,0.0,0.0,0.0,0.14285714285714285,24.957499,90.26291,2.7,6.75,0.0
2,0.0,1.0,0.0,0.0,0.0,0.0,0.0,24.226252,92.328156,43.999996,9.13,0.0
3,0.0,0.0,0.0,0.0,0.0,0.0,0.0,25.542917,87.839905,2.2,6.14,0.0
4,0.0,0.0,0.0,0.0,0.0,0.0,0.0,24.580416,94.691864,41.1,12.55,0.0
5,0.0,0.0,0.0,0.0,0.0,0.0,0.0,25.022087,89.58465,33.199997,10.87,0.0
6,0.0,0.0,0.0,0.0,0.0,0.0,0.0,24.547083,86.54067,8.900001,6.18,0.0
0,0.0,0.0,0.0,0.0,0.0,0.0,0.0,24.390833,85.8243,1.8000002,7.19,0.0
1,0.0,0.0,0.0,0.0,0.0,0.0,0.0,24.83875,85.49994,0.5,13.78,0.0
2,0.0,0.0,0.0,0.0,0.0,0.0,0.0,25.29917,87.601906,3.8999999,15.65,0.0
3,0.0,0.0,0.0,0.0,0.0,0.0,0.0,25.56375,83.12159,1.2000002,16.85,0.0
4,0.0,0.0,0.0,0.0,0.0,0.0,0.0,25.11167,85.56024,8.500001,14.35,0.0
5,0.0,0.0,1.1428571428571428,0.0,0.2857142857142857,0.0,0.2857142857142857,23.653336,85.86733,5.5999994,11.92,8.0
6,8.0,0.0,1.1428571428571428,2.0,0.2857142857142857,2.0,0.2857142857142857,23.934586,84.49532,3.0,5.62,0.0
0,0.0,0.0,1.1428571428571428,0.0,0.2857142857142857,0.0,0.2857142857142857,24.12,86.08536,5.7,10.32,0.0
1,0.0,0.0,1.1428571428571428,0.0,0.2857142857142857,0.0,0.2857142857142857,23.995,84.32128,8.9,11.64,0.0
2,0.0,0.0,1.1428571428571428,0.0,0.2857142857142857,0.0,0.2857142857142857,23.376251,80.56751,3.0999997,8.44,0.0
3,0.0,0.0,1.1428571428571428,0.0,0.2857142857142857,0.0,0.2857142857142857,22.982496,86.82139,5.7999997,8.52,0.0
4,0.0,0.0,1.1428571428571428,0.0,0.2857142857142857,0.0,0.2857142857142857,24.024168,84.508125,1.0000001,9.32,0.0
5,0.0,8.0,0.0,0.0,0.0,0.0,0.0,23.676252,87.07581,4.1,16.51,0.0
6,0.0,0.0,0.0,0.0,0.0,0.0,0.0,23.317917,87.16262,1.4000002,15.15,0.0
0,0.0,0.0,0.0,0.0,0.0,0.0,0.0,23.63875,91.60968,15.400002,14.42,0.0
1,0.0,0.0,0.0,0.0,0.0,0.0,0.0,24.567915,82.905525,1.8000003,14.04,0.0
2,0.0,0.0,0.0,0.0,0.0,0.0,0.0,24.209585,92.006676,24.700005,9.79,0.0
3,0.0,0.0,0.0,0.0,0.0,0.0,0.0,24.147085,90.55569,18.5,16.26,0.0
4,0.0,0.0,0.0,0.0,0.0,0.0,0.0,22.676249,93.37258,28.899998,7.7,0.0
5,0.0,0.0,0.0,0.0,0.0,0.0,0.0,22.6325,85.07542,2.6000001,6.48,0.0
6,0.0,0.0,0.0,0.0,0.0,0.0,0.0,23.417917,90.4022,9.9,6.12,0.0
0,0.0,0.0,0.0,0.0,0.0,0.0,0.0,24.53875,90.45828,6.7,10.05,0.0
1,0.0,0.0,0.0,0.0,0.0,0.0,0.0,24.649168,90.5006,5.8,19.75,0.0
2,0.0,0.0,0.0,0.0,0.0,0.0,0.0,24.653334,92.17141,14.400001,8.58,0.0
3,0.0,0.0,0.0,0.0,0.0,0.0,0.0,24.278334,92.81399,13.6,7.18,0.0
4,0.0,0.0,0.0,0.0,0.0,0.0,0.0,23.009584,86.22089,7.6999993,8.67,0.0
5,0.0,0.0,0.0,0.0,0.0,0.0,0.0,22.495,87.1276,1.2,5.19,0.0
6,0.0,0.0,0.0,0.0,0.0,0.0,0.0,22.96167,87.45583,3.4999998,10.7,0.0
0,0.0,0.0,0.0,0.0,0.0,0.0,0.0,22.71375,88.68915,9.5,13.72,0.0
1,0.0,0.0,0.0,0.0,0.0,0.0,0.0,23.15125,83.41845,1.6000001,7.28,0.0
2,0.0,0.0,0.0,0.0,0.0,0.0,0.0,23.08667,86.99064,1.6,13.85,0.0
3,0.0,0.0,0.0,0.0,0.0,0.0,0.0,22.936666,88.71784,7.7999997,17.61,0.0
4,0.0,0.0,0.0,0.0,0.0,0.0,0.0,21.545,88.29488,4.1,12.18,0.0
5,0.0,0.0,0.0,0.0,0.0,0.0,0.0,21.753334,87.34246,5.3999996,5.94,0.0
6,0.0,0.0,0.0,0.0,0.0,0.0,0.0,21.774168,88.16335,4.2000003,6.42,0.0
0,0.0,0.0,0.0,0.0,0.0,0.0,0.0,22.3575,91.348206,4.3999996,9.44,0.0
1,0.0,0.0,0.0,0.0,0.0,0.0,0.0,23.709585,90.85894,10.400001,14.34,0.0
2,0.0,0.0,0.0,0.0,0.0,0.0,0.0,22.501251,84.15792,1.6000001,17.22,0.0
3,0.0,0.0,0.0,0.0,0.0,0.0,0.0,22.603338,85.282936,1.9000001,4.68,0.0
4,0.0,0.0,0.0,0.0,0.0,0.0,0.0,23.084585,88.06878,0.3,6.91,0.0
5,0.0,0.0,0.0,0.0,0.0,0.0,0.0,24.092913,86.98737,0.1,14.03,0.0
6,0.0,0.0,0.0,0.0,0.0,0.0,0.0,24.147087,86.10757,2.1999998,16.0,0.0
0,0.0,0.0,0.0,0.0,0.0,0.0,0.0,23.80958,83.046455,0.8,8.84,0.0
1,0.0,0.0,0.0,0.0,0.0,0.0,0.0,23.665833,83.27437,0.2,12.43,0.0
2,0.0,0.0,0.0,0.0,0.0,0.0,0.0,24.559584,84.517746,0.4,15.48,0.0
3,0.0,0.0,0.0,0.0,0.0,0.0,0.0,24.76792,87.11065,2.1999998,19.3,0.0
4,0.0,0.0,0.0,0.0,0.0,0.0,0.0,24.786667,86.3659,1.3000001,20.83,0.0
5,0.0,0.0,0.0,0.0,0.0,0.0,0.0,23.667917,82.79577,2.8999991,12.46,0.0
6,0.0,0.0,0.0,0.0,0.0,0.0,0.0,22.45542,82.59383,1.5,8.28,0.0
0,0.0,0.0,0.0,0.0,0.0,0.0,0.0,20.93875,86.822655,2.0000002,9.97,0.0
1,0.0,0.0,0.0,0.0,0.0,0.0,0.0,20.70542,84.63681,2.8999994,6.82,0.0
2,0.0,0.0,0.0,0.0,0.0,0.0,0.0,21.076246,85.24735,1.8000003,5.63,0.0
3,0.0,0.0,0.0,0.0,0.0,0.0,0.0,21.901253,91.30302,5.7,10.31,0.0
4,0.0,0.0,0.0,0.0,0.0,0.0,0.0,24.672087,87.00402,1.4000001,12.72,0.0
5,0.0,0.0,0.0,0.0,0.0,0.0,0.0,24.890833,87.72183,0.0,19.03,0.0
6,0.0,0.0,0.0,0.0,0.0,0.0,0.0,24.782503,88.64316,2.1000001,19.24,0.0
0,0.0,0.0,0.0,0.0,0.0,0.0,0.0,22.190834,87.0787,9.400002,18.19,0.0
1,0.0,0.0,0.0,0.0,0.0,0.0,0.0,21.353334,86.95013,2.6,6.36,0.0
2,0.0,0.0,0.0,0.0,0.0,0.0,0.0,22.62834,86.11849,0.3,11.28,0.0
3,0.0,0.0,0.0,0.0,0.0,0.0,0.0,23.786667,88.2978,3.8999994,15.5,0.0
4,0.0,0.0,0.0,0.0,0.0,0.0,0.0,21.928335,90.1167,7.2999997,17.8,0.0
5,0.0,0.0,0.0,0.0,0.0,0.0,0.0,21.128332,84.97456,4.6000004,5.88,0.0
6,0.0,0.0,0.0,0.0,0.0,0.0,0.0,21.772081,85.69193,1.7000002,5.46,0.0
0,0.0,0.0,0.0,0.0,0.0,0.0,0.0,23.611666,86.121315,3.3999999,8.62,0.0
1,0.0,0.0,0.0,0.0,0.0,0.0,0.0,23.63875,92.80036,14.600001,15.11,0.0
2,0.0,0.0,0.0,0.0,0.0,0.0,0.0,23.542921,95.27252,31.100002,13.01,0.0
3,0.0,0.0,0.0,0.0,0.0,0.0,0.0,24.372086,92.52868,25.400002,18.65,0.0
4,0.0,0.0,0.0,0.0,0.0,0.0,0.0,24.52625,92.447945,22.899996,12.03,0.0
5,0.0,0.0,0.0,0.0,0.0,0.0,0.0,24.751251,92.21094,28.400002,21.14,0.0
6,0.0,0.0,0.0,0.0,0.0,0.0,0.0,24.334585,91.248665,24.0,19.78,0.0
0,0.0,0.0,0.0,0.0,0.0,0.0,0.0,23.451248,90.21539,3.1999998,14.35,0.0
1,0.0,0.0,0.0,0.0,0.0,0.0,0.0,22.372084,88.31463,7.0,9.5,0.0
2,0.0,0.0,0.0,0.0,0.0,0.0,0.0,22.572084,88.945465,7.4999995,5.62,0.0
3,0.0,0.0,0.0,0.0,0.0,0.0,0.0,23.976255,83.61976,0.1,9.25,0.0
4,0.0,0.0,0.0,0.0,0.0,0.0,0.0,23.41375,85.3357,0.5,15.45,0.0
5,0.0,0.0,0.0,0.0,0.0,0.0,0.0,23.78875,85.34634,0.4,15.03,0.0
6,0.0,0.0,0.0,0.0,0.0,0.0,0.0,22.884583,89.35073,10.000001,17.02,0.0
0,0.0,0.0,0.0,0.0,0.0,0.0,0.0,22.442919,87.53275,5.9,9.48,0.0
1,0.0,0.0,0.0,0.0,0.0,0.0,0.0,23.055418,84.08292,0.8000001,9.86,0.0
2,0.0,0.0,0.0,0.0,0.0,0.0,0.0,23.692917,78.427505,0.0,13.87,0.0
3,0.0,0.0,0.0,0.0,0.0,0.0,0.0,23.276255,82.20559,0.5,16.3,0.0
4,0.0,0.0,0.0,0.0,0.0,0.0,0.0,24.119997,82.754555,0.0,21.61,0.0
5,0.0,0.0,0.0,0.0,0.0,0.0,0.0,25.836664,83.607834,0.90000004,21.2,0.0
6,0.0,0.0,0.0,0.0,0.0,0.0,0.0,26.011665,82.33356,0.0,23.73,0.0
0,0.0,0.0,0.0,0.0,0.0,0.0,0.0,26.309584,79.31701,0.0,19.21,0.0
1,0.0,0.0,0.0,0.0,0.0,0.0,0.0,25.697083,85.56729,10.400001,18.77,0.0
2,0.0,0.0,0.0,0.0,0.0,0.0,0.0,25.336664,86.719696,7.2,19.66,0.0
3,0.0,0.0,0.0,0.0,0.0,0.0,0.0,24.001251,89.58801,26.400002,11.4,0.0
4,0.0,0.0,0.0,0.0,0.0,0.0,0.0,23.313753,92.92282,72.4,8.05,0.0
5,0.0,0.0,0.0,0.0,0.0,0.0,0.0,23.999166,90.17086,9.6,10.21,0.0
6,0.0,0.0,0.0,0.0,0.0,0.0,0.0,25.015831,82.036705,1.4000001,11.04,0.0
0,0.0,0.0,0.0,0.0,0.0,0.0,0.0,25.722084,80.46525,0.3,15.49,0.0
1,0.0,0.0,0.0,0.0,0.0,0.0,0.0,25.261671,88.085915,18.7,24.66,0.0
2,0.0,0.0,0.0,0.0,0.0,0.0,0.0,25.74917,80.94624,0.1,20.05,0.0
3,0.0,0.0,0.0,0.0,0.0,0.0,0.0,25.182497,78.605576,0.0,25.32,0.0
4,0.0,0.0,0.0,0.0,0.0,0.0,0.0,24.438751,81.29791,0.0,26.92,0.0
5,0.0,0.0,0.0,0.0,0.0,0.0,0.0,25.345,82.709694,4.5,22.4,0.0
6,0.0,0.0,0.0,0.0,0.0,0.0,0.0,24.074165,85.51669,16.7,19.25,0.0
0,0.0,0.0,0.0,0.0,0.0,0.0,0.0,23.851252,84.19604,14.2,10.55,0.0
1,0.0,0.0,0.0,0.0,0.0,0.0,0.0,23.253336,86.52181,16.499998,15.24,0.0
2,0.0,0.0,0.0,0.0,0.0,0.0,0.0,22.795,81.02912,4.4999995,11.82,0.0
3,0.0,0.0,0.0,0.0,0.0,0.0,0.0,22.295,83.633286,9.499999,16.26,0.0
4,0.0,0.0,0.0,0.0,0.0,0.0,0.0,22.988752,75.30877,0.0,14.85,0.0
5,0.0,0.0,0.0,0.0,0.0,0.0,0.0,23.58667,78.23977,0.1,19.62,0.0
6,0.0,0.0,0.0,0.0,0.0,0.0,0.0,23.680414,81.03638,0.0,26.27,0.0
0,0.0,0.0,0.0,0.0,0.0,0.0,0.0,26.36167,81.46546,0.7,32.41,0.0
1,0.0,0.0,0.0,0.0,0.0,0.0,0.0,26.509583,81.90589,0.0,32.54,0.0
2,0.0,0.0,0.0,0.0,0.0,0.0,0.0,26.64292,83.40431,0.1,23.14,0.0
3,0.0,0.0,0.0,0.0,0.0,0.0,0.0,26.722082,82.95377,7.0000005,22.15,0.0
4,0.0,0.0,0.0,0.0,0.0,0.0,0.0,27.170004,78.69445,1.2,31.06,0.0
5,0.0,0.0,0.0,0.0,0.0,0.0,0.0,25.95542,82.70242,13.299999,23.28,0.0
6,0.0,0.0,0.0,0.0,0.0,0.0,0.0,26.280418,83.81898,2.0000002,28.34,0.0
0,0.0,0.0,0.0,0.0,0.0,0.0,0.0,25.79083,86.70127,9.600001,23.96,0.0
1,0.0,0.0,0.0,0.0,0.0,0.0,0.0,25.309586,86.707664,6.1,27.75,0.0
2,0.0,0.0,0.0,0.0,0.0,0.0,0.0,25.615835,86.62734,8.5,14.9,0.0
3,0.0,0.0,0.0,0.0,0.0,0.0,0.0,24.995,87.40737,6.4999995,23.6,0.0
4,0.0,0.0,0.0,0.0,0.0,0.0,0.0,25.955416,85.16195,7.2999997,20.42,0.0
5,0.0,0.0,0.0,0.0,0.0,0.0,0.0,26.972086,81.21664,0.1,24.24,0.0
6,0.0,0.0,0.0,0.0,0.0,0.0,0.0,26.655418,83.81623,6.6,34.07,0.0
0,0.0,0.0,0.0,0.0,0.0,0.0,0.0,26.919998,82.541695,3.4999998,20.25,0.0
1,0.0,0.0,0.0,0.0,0.0,0.0,0.0,27.117914,81.98612,5.2999997,18.84,0.0
2,0.0,0.0,0.0,0.0,0.0,0.0,0.0,27.33667,80.95549,0.5,19.81,0.0
3,0.0,0.0,0.0,0.0,0.0,0.0,0.0,27.740835,79.965454,0.5,22.02,0.0
4,0.0,0.0,0.0,0.0,0.0,0.0,0.0,28.478333,72.432686,0.1,37.67,0.0
5,0.0,0.0,0.0,0.0,0.0,0.0,0.0,28.15125,77.29267,0.1,22.56,0.0
6,0.0,0.0,0.0,0.0,0.0,0.0,0.0,28.030416,79.85258,2.9,28.77,0.0
0,0.0,0.0,0.0,0.0,0.0,0.0,0.0,27.103338,82.80132,13.499999,51.51,0.0
1,0.0,0.0,0.0,0.0,0.0,0.0,0.0,26.655416,84.09345,12.700001,25.8,0.0
2,0.0,0.0,0.0,0.0,0.0,0.0,0.0,27.747084,77.85665,0.1,16.86,0.0
3,0.0,0.0,0.0,0.0,0.0,0.0,0.0,27.917915,74.14001,0.0,24.84,0.0
4,0.0,0.0,0.0,0.0,0.0,0.0,0.0,28.311666,78.07511,0.0,31.97,0.0
5,0.0,0.0,0.0,0.0,0.0,0.0,0.0,28.067917,70.90684,0.0,39.96,0.0
6,0.0,0.0,0.0,0.0,0.0,0.0,0.0,28.936663,73.800026,0.0,33.19,0.0
0,0.0,0.0,0.0,0.0,0.0,0.0,0.0,29.042921,70.92855,0.0,31.17,0.0
1,0.0,0.0,0.0,0.0,0.0,0.0,0.0,29.12625,75.93432,0.3,24.18,0.0
2,0.0,0.0,0.0,0.0,0.0,0.0,0.0,29.011667,72.43256,0.3,37.37,0.0
3,0.0,0.0,0.0,0.0,0.0,0.0,0.0,28.153336,75.33239,0.2,40.55,0.0
4,0.0,0.0,0.0,0.0,0.0,0.0,0.0,27.759584,73.069405,0.70000005,28.02,0.0
5,0.0,0.0,0.0,0.0,0.0,0.0,0.0,28.005419,68.79135,0.0,20.15,0.0
6,0.0,0.0,0.0,0.0,0.0,0.0,0.0,28.449167,64.71782,0.0,37.86,0.0
0,0.0,0.0,0.0,0.0,0.0,0.0,0.0,28.097082,76.980736,7.7999997,31.57,0.0
1,0.0,0.0,0.0,0.0,0.0,0.0,0.0,28.082502,78.96096,3.1,29.4,0.0
2,0.0,0.0,0.0,0.0,0.0,0.0,0.0,28.35125,79.03213,1.2,31.77,0.0
3,0.0,0.0,0.0,0.0,0.0,0.0,0.0,27.334581,82.80785,10.099999,23.94,0.0
4,0.0,0.0,0.0,0.0,0.0,0.0,0.0,27.695,80.178246,6.7000003,34.33,0.0
5,0.0,0.0,0.0,0.0,0.0,0.0,0.0,28.195,77.62188,2.3999999,28.9,0.0
6,0.0,0.0,0.0,0.0,0.0,0.0,0.0,28.272085,81.93214,3.5,28.95,0.0
0,0.0,0.0,0.0,0.0,0.0,0.0,0.0,27.636667,83.73112,14.700001,22.98,0.0
1,0.0,0.0,0.0,0.0,0.0,0.0,0.0,27.680414,81.98493,3.1,33.24,0.0
2,0.0,0.0,0.0,0.0,0.0,0.0,0.0,27.167917,84.54661,9.4,26.96,0.0
3,0.0,0.0,0.0,0.0,0.0,0.0,0.0,27.836664,85.37957,4.3999996,29.88,0.0
4,0.0,0.0,0.0,0.0,0.0,0.0,0.0,27.7575,81.821205,2.4,33.92,0.0
5,0.0,0.0,0.0,0.0,0.0,0.0,0.0,27.886667,80.43622,8.9,36.61,0.0
6,0.0,0.0,0.0,0.0,0.0,0.0,0.0,26.976248,83.342445,22.2,25.52,0.0
0,0.0,0.0,0.0,0.0,0.0,0.0,0.0,26.801252,84.45793,11.0,29.27,0.0
1,0.0,0.0,0.14285714285714285,0.0,0.0,0.0,0.14285714285714285,26.545,85.618004,12.400001,20.88,1.0
2,1.0,0.0,0.14285714285714285,0.0,0.0,1.0,0.14285714285714285,26.392916,86.97109,11.100001,29.74,0.0
3,0.0,0.0,0.14285714285714285,0.0,0.0,0.0,0.14285714285714285,27.882502,80.38532,0.3,31.34,0.0
4,0.0,0.0,0.14285714285714285,0.0,0.0,0.0,0.14285714285714285,28.555418,77.83085,0.3,32.99,0.0
5,0.0,0.0,0.14285714285714285,0.0,0.0,0.0,0.14285714285714285,28.780418,75.520386,0.0,29.3,0.0
6,0.0,0.0,0.14285714285714285,0.0,0.0,0.0,0.14285714285714285,28.676249,73.52181,0.0,38.48,0.0
0,0.0,0.0,0.14285714285714285,0.0,0.0,0.0,0.14285714285714285,28.924171,76.65348,0.2,34.49,0.0
1,0.0,1.0,0.0,0.0,0.0,0.0,0.0,29.147085,72.709206,0.1,32.26,0.0
2,0.0,0.0,0.0,0.0,0.0,0.0,0.0,29.48667,70.15993,0.3,38.63,0.0
3,0.0,0.0,0.0,0.0,0.0,0.0,0.0,29.040834,73.197044,1.2,37.83,0.0
4,0.0,0.0,0.2857142857142857,0.0,0.0,0.0,0.14285714285714285,28.328333,78.00873,7.299999,29.23,2.0
5,2.0,0.0,0.2857142857142857,0.0,0.0,1.0,0.14285714285714285,28.144997,79.04067,2.3999999,29.72,0.0
6,0.0,0.0,0.2857142857142857,0.0,0.0,0.0,0.14285714285714285,27.411669,80.34298,20.2,29.4,0.0
0,0.0,0.0,0.8571428571428571,0.0,0.14285714285714285,0.0,0.14285714285714285,27.028334,85.059845,3.3,35.68,4.0
1,4.0,0.0,0.8571428571428571,1.0,0.14285714285714285,0.0,0.14285714285714285,27.77417,83.38712,5.7999997,21.75,0.0
2,0.0,0.0,0.8571428571428571,0.0,0.14285714285714285,0.0,0.14285714285714285,28.236666,82.65207,2.2999997,25.85,0.0
3,0.0,0.0,0.8571428571428571,0.0,0.14285714285714285,0.0,0.14285714285714285,27.032501,86.70321,10.599999,23.57,0.0
4,0.0,2.0,0.5714285714285714,0.0,0.14285714285714285,0.0,0.0,27.063751,85.34436,10.900002,35.31,0.0
5,0.0,0.0,0.5714285714285714,0.0,0.14285714285714285,0.0,0.0,29.0075,76.625946,0.0,32.13,0.0
6,0.0,0.0,0.5714285714285714,0.0,0.14285714285714285,0.0,0.0,29.290838,76.54357,3.6000001,21.47,0.0
0,0.0,4.0,0.2857142857142857,0.0,0.0,0.0,0.0,28.390837,82.96526,14.400001,22.93,2.0
1,2.0,0.0,0.5714285714285714,0.0,0.0,0.0,0.0,27.961668,85.12149,17.400002,19.92,2.0
2,2.0,0.0,0.7142857142857143,0.0,0.0,0.0,0.0,27.401253,86.48587,18.8,26.85,1.0
3,1.0,0.0,0.7142857142857143,0.0,0.0,0.0,0.0,27.751251,84.83019,14.799999,32.02,0.0
4,0.0,0.0,0.7142857142857143,0.0,0.0,0.0,0.0,27.530418,84.17765,5.7999997,34.66,0.0
5,0.0,0.0,0.7142857142857143,0.0,0.0,0.0,0.0,27.376251,87.39977,22.300003,24.58,0.0
6,0.0,0.0,0.7142857142857143,0.0,0.0,0.0,0.0,27.199165,87.28287,9.400002,17.96,0.0
0,0.0,2.0,0.42857142857142855,0.0,0.0,0.0,0.0,27.651247,85.11512,10.6,20.07,0.0
1,0.0,2.0,0.2857142857142857,0.0,0.0,0.0,0.0,27.126251,87.63751,21.000004,35.26,1.0
2,1.0,1.0,0.14285714285714285,0.0,0.0,0.0,0.0,27.22,83.56695,5.1,30.88,0.0
3,0.0,0.0,0.14285714285714285,0.0,0.0,0.0,0.0,27.980413,81.43964,3.1,29.51,0.0
4,0.0,0.0,0.14285714285714285,0.0,0.0,0.0,0.0,27.807503,79.81327,0.0,25.58,0.0
5,0.0,0.0,0.14285714285714285,0.0,0.0,0.0,0.0,28.567917,78.76709,4.2999997,46.73,0.0
6,0.0,0.0,0.14285714285714285,0.0,0.0,0.0,0.0,28.170004,81.679054,1.0,22.09,0.0
0,0.0,0.0,0.14285714285714285,0.0,0.0,0.0,0.0,27.070002,87.09806,24.399998,31.5,0.0
1,0.0,1.0,0.0,0.0,0.0,0.0,0.0,26.211664,87.79443,6.2999997,29.09,0.0
2,0.0,0.0,0.0,0.0,0.0,0.0,0.0,27.99292,81.81673,1.3000001,27.65,0.0
3,0.0,0.0,0.0,0.0,0.0,0.0,0.0,27.699167,82.723625,8.1,44.1,0.0
4,0.0,0.0,0.0,0.0,0.0,0.0,0.0,27.64292,83.74521,15.900001,31.67,0.0
5,0.0,0.0,0.0,0.0,0.0,0.0,0.0,26.855415,86.25471,1.1,36.47,0.0
6,0.0,0.0,0.0,0.0,0.0,0.0,0.0,26.434586,90.007545,6.599999,38.28,0.0
0,0.0,0.0,0.0,0.0,0.0,0.0,0.0,27.563751,83.79546,8.0,34.57,0.0
1,0.0,0.0,0.0,0.0,0.0,0.0,0.0,27.292917,86.10854,12.7,33.25,0.0
2,0.0,0.0,0.0,0.0,0.0,0.0,0.0,26.845003,85.58258,29.7,36.53,0.0
3,0.0,0.0,0.0,0.0,0.0,0.0,0.0,26.834585,84.30543,7.7,23.56,0.0
4,0.0,0.0,0.0,0.0,0.0,0.0,0.0,26.49292,88.11852,21.600002,26.44,0.0
5,0.0,0.0,0.0,0.0,0.0,0.0,0.0,26.590836,87.62275,15.5,19.75,0.0
6,0.0,0.0,0.0,0.0,0.0,0.0,0.0,25.967916,89.37515,25.800001,32.49,0.0
0,0.0,0.0,0.0,0.0,0.0,0.0,0.0,26.178335,87.62313,11.4,29.63,0.0
1,0.0,0.0,0.0,0.0,0.0,0.0,0.0,25.836668,89.55847,22.000002,25.9,0.0
2,0.0,0.0,0.14285714285714285,0.0,0.0,0.0,0.14285714285714285,25.511665,93.33811,13.0,31.99,1.0
3,1.0,0.0,0.14285714285714285,0.0,0.0,1.0,0.14285714285714285,27.282501,87.50866,9.1,29.52,0.0
4,0.0,0.0,0.14285714285714285,0.0,0.0,0.0,0.14285714285714285,26.936666,87.80893,9.6,32.18,0.0
5,0.0,0.0,0.14285714285714285,0.0,0.0,0.0,0.14285714285714285,28.403336,76.22138,0.2,29.56,0.0
6,0.0,0.0,0.14285714285714285,0.0,0.0,0.0,0.14285714285714285,28.265833,80.37462,0.0,13.29,0.0
0,0.0,0.0,0.42857142857142855,0.0,0.0,0.0,0.14285714285714285,28.124168,83.826546,2.9999998,24.6,2.0
